,ROLLING_DATE,SCALE,SPEC,STEEL_KIND,PT_THK,PT_WDTH,PT_LTH,PT_WGT,FUR_NO,FUR_NO_ROW,FUR_HZ_TEMP,FUR_HZ_TIME,FUR_SZ_TEMP,FUR_SZ_TIME,FUR_TIME,FUR_EXTEMP,ROLLING_TEMP_T5,HSB,ROLLING_DESCALING,WORK_GR,Year,Hour,SPEC_SIZE
0,2008-08-01:00:00:15,1,AB/EH32-TM,T1,32.25,3707,15109,14180,1호기,1,1144,116,1133,59,282,1133,934,1,8,2조,2008-08-01,새벽,AB/EH32
1,2008-08-01:00:00:16,1,AB/EH32-TM,T1,32.25,3707,15109,14180,1호기,2,1144,122,1135,53,283,1135,937,1,8,2조,2008-08-01,새벽,AB/EH32
2,2008-08-01:00:00:59,1,NV-E36-TM,T8,33.27,3619,19181,18130,2호기,1,1129,116,1121,55,282,1121,889,1,8,3조,2008-08-01,새벽,NV
3,2008-08-01:00:01:24,1,NV-E36-TM,T8,33.27,3619,19181,18130,2호기,2,1152,125,1127,68,316,1127,885,1,8,3조,2008-08-01,새벽,NV
4,2008-08-01:00:01:44,1,BV-EH36-TM,T8,38.33,3098,13334,12430,3호기,1,1140,134,1128,48,314,1128,873,1,8,1조,2008-08-01,새벽,BV
5,2008-08-01:00:02:06,1,BV-EH36-TM,T8,38.33,3098,13334,12430,3호기,2,1143,127,1128,57,314,1128,874,1,8,4조,2008-08-01,새벽,BV
6,2008-08-01:00:02:28,1,BV-EH36-TM,T8,38.33,3099,16719,15590,1호기,1,1138,126,1130,50,289,1130,878,1,8,2조,2008-08-01,새벽,BV
7,2008-08-01:00:02:21,1,BV-EH36-TM,T8,38.33,3099,16719,15590,1호기,2,1139,126,1131,52,294,1131,870,1,8,4조,2008-08-01,새벽,BV
8,2008-08-01:00:02:51,1,BV-EH36-TM,T8,38.33,3099,16719,15590,2호기,1,1127,126,1122,52,293,1122,873,1,8,1조,2008-08-01,새벽,BV
9,2008-08-01:00:03:15,1,COMMON,T8,38.43,3129,16187,15280,2호기,2,1135,119,1124,73,298,1124,881,1,8,4조,2008-08-01,새벽,COMMON
10,2008-08-01:00:03:24,1,COMMON,T8,38.43,3129,16187,15280,3호기,1,1127,134,1123,58,297,1123,869,1,8,2조,2008-08-01,새벽,COMMON
11,2008-08-01:00:04:15,0,COMMON,T8,38.43,3129,16187,30560,3호기,2,1131,120,1125,68,299,1125,1057,1,8,2조,2008-08-01,새벽,COMMON
12,2008-08-01:00:04:20,1,COMMON,T8,38.43,3129,16187,15280,1호기,1,1132,125,1127,62,290,1127,820,1,8,3조,2008-08-01,새벽,COMMON
13,2008-08-01:00:05:47,1,COMMON,T0,30.23,1940,34797,16020,1호기,2,1119,130,1120,65,324,1120,926,1,8,4조,2008-08-01,새벽,COMMON
14,2008-08-01:00:05:25,1,GL-E32-TM,T1,34.28,2207,30543,18140,2호기,1,1119,126,1119,72,311,1119,931,1,8,3조,2008-08-01,새벽,GL
15,2008-08-01:00:05:16,0,GL-E32-TM,T1,50.46,2185,21767,37680,3호기,1,1127,127,1123,71,312,1123,929,1,5,2조,2008-08-01,새벽,GL
16,2008-08-01:01:10:14,1,GL-E32-TM,T1,50.46,2200,21756,37920,2호기,2,1134,127,1124,92,329,1124,929,1,6,2조,2008-08-01,새벽,GL
17,2008-08-01:01:10:14,1,GL-E32-TM,T1,50.46,2200,21756,37920,3호기,2,1124,117,1124,87,315,1124,929,1,6,3조,2008-08-01,새벽,GL
18,2008-08-01:01:10:44,1,GL-E32-TM,T1,50.46,2200,21756,37920,1호기,1,1129,122,1125,78,313,1125,925,1,6,2조,2008-08-01,새벽,GL
19,2008-08-01:01:11:01,1,GL-E32-TM,T1,50.46,2200,21756,37920,2호기,2,1124,54,1127,78,312,1127,928,1,6,2조,2008-08-01,새벽,GL
20,2008-08-01:01:11:08,1,BV-EH36-TM,T8,50.46,2000,24500,38820,1호기,2,1110,123,1116,81,334,1116,860,1,6,1조,2008-08-01,새벽,BV
21,2008-08-01:01:12:45,1,GL-E36-TM,T8,44.39,2040,27501,39100,2호기,1,1114,64,1120,82,335,1120,836,1,6,4조,2008-08-01,새벽,GL
22,2008-08-01:01:12:49,1,GL-E36-TM,T8,44.39,2040,27501,39100,3호기,1,1113,124,1120,82,334,1120,832,1,6,1조,2008-08-01,새벽,GL
23,2008-08-01:01:13:47,1,GL-E36-TM,T8,48.44,2095,24490,39020,3호기,2,1118,71,1124,86,336,1124,832,1,6,3조,2008-08-01,새벽,GL
24,2008-08-01:01:13:05,1,GL-E36-TM,T8,48.44,2095,24490,39020,1호기,1,1117,69,1120,88,347,1120,832,1,6,3조,2008-08-01,새벽,GL
25,2008-08-01:01:14:20,1,GL-E36-TM,T8,48.44,2000,25588,38920,1호기,2,1108,62,1117,97,351,1117,841,1,6,3조,2008-08-01,새벽,GL
26,2008-08-01:01:14:53,1,COMMON,T1,45.4,2150,18453,14140,2호기,1,1123,62,1123,101,332,1123,933,1,6,1조,2008-08-01,새벽,COMMON
27,2008-08-01:01:14:25,1,COMMON,T1,45.4,2150,18453,14140,2호기,2,1132,70,1126,95,344,1126,933,1,6,1조,2008-08-01,새벽,COMMON
28,2008-08-01:01:15:39,1,COMMON,T1,45.4,2150,18453,14140,3호기,1,1129,43,1125,109,335,1125,937,1,6,4조,2008-08-01,새벽,COMMON
29,2008-08-01:01:15:14,1,COMMON,T1,45.4,2090,18419,13720,3호기,2,1134,70,1127,94,335,1127,930,1,6,1조,2008-08-01,새벽,COMMON
30,2008-08-01:01:15:59,1,COMMON,T1,45.4,2090,18419,13720,1호기,1,1124,78,1124,94,335,1124,936,1,6,1조,2008-08-01,새벽,COMMON
31,2008-08-01:01:15:34,1,COMMON,T1,45.4,2090,18419,13720,1호기,2,1126,74,1125,92,334,1125,933,1,6,1조,2008-08-01,새벽,COMMON
32,2008-08-01:02:20:52,1,COMMON,T8,44.9,3125,14008,15430,2호기,1,1111,61,1123,108,336,1123,838,1,6,3조,2008-08-01,새벽,COMMON
33,2008-08-01:02:20:28,1,GL-E36-TM,T8,44.39,2495,15677,27260,2호기,2,1133,75,1127,91,347,1127,837,1,6,3조,2008-08-01,새벽,GL
34,2008-08-01:02:21:27,1,AB/EH36-TM,T8,51.27,3060,12407,15280,3호기,1,1133,57,1125,103,339,1125,862,1,6,4조,2008-08-01,새벽,AB/EH36
35,2008-08-01:02:21:11,1,AB/EH36-TM,T8,51.27,3060,12407,15280,3호기,2,1127,63,1128,106,337,1128,862,1,6,4조,2008-08-01,새벽,AB/EH36
36,2008-08-01:02:21:37,1,AB/EH36-TM,T8,51.27,3060,12407,15280,1호기,1,1133,70,1126,91,337,1126,861,1,6,2조,2008-08-01,새벽,AB/EH36
37,2008-08-01:02:21:17,1,AB/EH36-TM,T8,51.27,3060,12407,15280,1호기,2,1122,57,1123,105,337,1123,862,1,6,4조,2008-08-01,새벽,AB/EH36
38,2008-08-01:02:22:11,1,AB/EH36-TM,T8,51.27,3060,12407,15280,2호기,1,1133,84,1124,81,338,1124,856,1,6,2조,2008-08-01,새벽,AB/EH36
39,2008-08-01:02:22:16,1,AB/EH36-TM,T8,51.27,3060,12407,15280,2호기,2,1133,93,1127,75,330,1127,860,1,6,3조,2008-08-01,새벽,AB/EH36
40,2008-08-01:02:22:18,1,GL-E36-TM,T8,55.51,3765,11398,37400,3호기,1,1126,62,1125,106,340,1125,863,1,6,3조,2008-08-01,새벽,GL
41,2008-08-01:02:23:09,1,GL-E36-TM,T8,55.51,3765,11398,37400,3호기,2,1132,95,1128,80,341,1128,0,1,6,1조,2008-08-01,새벽,GL
42,2008-08-01:02:23:26,1,BV-EH36-TM,T8,55.5,3302,11017,31700,1호기,1,1137,89,1131,83,341,1131,864,1,6,4조,2008-08-01,새벽,BV
43,2008-08-01:02:23:09,1,COMMON,T8,55.5,3302,11017,15850,1호기,2,1127,72,1128,100,339,1128,845,1,6,3조,2008-08-01,새벽,COMMON
44,2008-08-01:02:24:27,1,KS-HSB600,T5,40.0,3990,13896,34820,2호기,1,1112,77,1124,97,359,1124,808,1,6,1조,2008-08-01,새벽,KS
45,2008-08-01:02:24:44,1,NV-E36-TM,T8,60.58,3105,12386,18290,2호기,2,1125,90,1128,90,345,1128,845,1,6,4조,2008-08-01,새벽,NV
46,2008-08-01:02:25:45,1,COMMON,T8,60.58,2498,11987,14240,3호기,1,1126,73,1126,107,344,1126,850,1,6,1조,2008-08-01,새벽,COMMON
47,2008-08-01:02:25:17,1,LR-EH36-TM,T8,64.489,3505,7969,14140,3호기,2,1135,106,1130,84,358,1130,852,1,6,1조,2008-08-01,새벽,LR
48,2008-08-01:02:25:50,1,COMMON,T8,60.58,2498,11987,14240,1호기,1,1139,101,1128,82,352,1128,845,1,6,3조,2008-08-01,새벽,COMMON
49,2008-08-01:03:30:18,1,COMMON,T8,60.63,2498,11977,14240,1호기,2,1129,84,1128,98,346,1128,845,1,6,4조,2008-08-01,새벽,COMMON
50,2008-08-01:03:30:48,1,LR-EH36-TM,T8,64.489,3505,7969,14140,2호기,1,1131,106,1125,76,345,1125,847,1,6,2조,2008-08-01,새벽,LR
51,2008-08-01:03:30:07,1,COMMON,T8,60.58,2498,11987,14240,2호기,2,1137,116,1129,71,345,1129,849,1,6,4조,2008-08-01,새벽,COMMON
52,2008-08-01:03:31:44,1,AB/EH36-TM,T8,64.12,3110,10387,16260,3호기,1,1130,84,1129,101,345,1129,845,1,6,4조,2008-08-01,새벽,AB/EH36
53,2008-08-01:03:31:31,1,AB/EH36-TM,T8,64.12,3110,10387,16260,3호기,2,1140,114,1132,74,357,1132,844,1,6,2조,2008-08-01,새벽,AB/EH36
54,2008-08-01:03:31:37,1,BV-EH36-TM,T8,60.57,2085,16583,32880,1호기,1,1141,113,1133,73,332,1133,852,1,6,1조,2008-08-01,새벽,BV
55,2008-08-01:03:32:13,1,NV-E36-TM,T8,65.64,3195,11832,19480,1호기,2,1142,121,1135,75,346,1135,853,1,6,1조,2008-08-01,새벽,NV
56,2008-08-01:03:32:10,1,BV-EH36-TM,T8,67.65,3303,11020,38660,2호기,1,1137,110,1128,75,341,1128,851,1,6,2조,2008-08-01,새벽,BV
57,2008-08-01:03:32:50,1,BV-EH36-TM,T8,67.65,3303,11020,38660,2호기,2,1134,111,1129,72,343,1129,850,1,6,4조,2008-08-01,새벽,BV
58,2008-08-01:03:32:34,1,COMMON,T8,65.69,2498,11978,15430,3호기,1,1138,99,1129,86,352,1129,847,1,6,2조,2008-08-01,새벽,COMMON
59,2008-08-01:03:33:48,1,COMMON,T8,65.64,2498,11987,15430,3호기,2,1137,109,1132,73,352,1132,849,1,6,1조,2008-08-01,새벽,COMMON
60,2008-08-01:03:33:52,0,COMMON,T8,65.69,2498,11978,15430,1호기,1,1142,110,1134,73,343,1134,851,1,5,4조,2008-08-01,새벽,COMMON
61,2008-08-01:03:33:38,1,COMMON,T8,65.64,2498,11987,15430,1호기,2,1144,110,1136,72,346,1136,847,1,6,3조,2008-08-01,새벽,COMMON
62,2008-08-01:03:34:08,1,COMMON,T8,65.64,2498,11987,15430,2호기,1,1137,98,1129,73,344,1129,847,1,6,2조,2008-08-01,새벽,COMMON
63,2008-08-01:03:34:02,1,COMMON,T8,65.64,2498,11987,15430,2호기,2,1135,101,1130,73,352,1130,844,1,6,1조,2008-08-01,새벽,COMMON
64,2008-08-01:03:34:26,1,BV-EH36-TM,T8,70.7,2745,11014,16780,3호기,1,1142,109,1130,73,356,1130,840,1,6,2조,2008-08-01,새벽,BV
65,2008-08-01:03:34:14,1,BV-EH36-TM,T8,70.7,2745,11014,16780,3호기,2,1145,109,1134,69,350,1134,846,1,6,1조,2008-08-01,새벽,BV
66,2008-08-01:03:35:27,1,BV-EH36-TM,T8,73.71,2725,11009,17360,1호기,1,1144,112,1134,67,341,1134,844,1,6,1조,2008-08-01,새벽,BV
67,2008-08-01:03:35:50,1,BV-EH36-TM,T8,73.71,2725,11009,17360,1호기,2,1147,122,1138,51,352,1138,846,1,6,1조,2008-08-01,새벽,BV
68,2008-08-01:03:35:38,1,BV-EH36-TM,T8,73.71,2725,11009,17360,2호기,1,1136,115,1126,55,288,1126,844,1,6,3조,2008-08-01,새벽,BV
69,2008-08-01:04:40:56,1,BV-EH36-TM,T8,73.71,2725,11009,17360,2호기,2,1138,110,1130,56,344,1130,849,1,6,3조,2008-08-01,새벽,BV
70,2008-08-01:04:40:12,1,BV-EH36-TM,T8,73.71,2725,11009,17360,3호기,1,1139,107,1129,67,346,1129,834,1,6,2조,2008-08-01,새벽,BV
71,2008-08-01:04:40:16,0,BV-EH36-TM,T8,73.71,2725,11009,17360,3호기,2,1142,93,1134,61,355,1134,847,0,6,1조,2008-08-01,새벽,BV
72,2008-08-01:04:41:42,1,NV-E36-TM,T8,70.6,2265,12913,16210,1호기,1,1129,91,1126,61,296,1126,842,1,6,3조,2008-08-01,새벽,NV
73,2008-08-01:04:41:29,1,COMMON,T8,73.71,2725,9785,15430,1호기,2,1123,106,1124,62,310,1124,845,1,6,4조,2008-08-01,새벽,COMMON
74,2008-08-01:04:42:25,1,COMMON,T8,73.71,2725,9754,15380,2호기,2,1113,96,1122,68,310,1122,773,1,6,3조,2008-08-01,새벽,COMMON
75,2008-08-01:04:43:58,1,GL-E36-TM,T8,75.71,2500,14126,41980,2호기,1,1133,94,1125,76,304,1125,859,1,6,4조,2008-08-01,새벽,GL
76,2008-08-01:04:41:04,1,GL-E36-TM,T8,75.71,2500,14093,41880,3호기,1,1126,103,1125,61,275,1125,843,1,6,4조,2008-08-01,새벽,GL
77,2008-08-01:04:43:30,1,COMMON,T8,75.71,2725,9749,15790,3호기,2,1123,79,1126,61,291,1126,760,1,6,1조,2008-08-01,새벽,COMMON
78,2008-08-01:04:44:30,1,GL-E36-TM,T8,75.71,2505,9249,13770,1호기,1,1132,79,1127,83,319,1127,842,1,6,2조,2008-08-01,새벽,GL
79,2008-08-01:04:45:03,0,GL-E36-TM,T8,75.71,2505,9249,13770,1호기,2,1142,82,1131,69,314,1131,847,0,6,4조,2008-08-01,새벽,GL
80,2008-08-01:05:50:36,1,GL-E36-TM,T8,75.71,2500,9018,13400,2호기,1,1132,78,1124,85,316,1124,843,1,6,1조,2008-08-01,새벽,GL
81,2008-08-01:05:50:06,1,GL-E36-TM,T8,75.71,2500,9018,13400,2호기,2,1131,77,1125,95,325,1125,844,1,6,4조,2008-08-01,새벽,GL
82,2008-08-01:05:51:17,1,GL-E36-TM,T8,75.71,2500,9267,13770,3호기,1,1132,77,1124,101,323,1124,843,1,6,4조,2008-08-01,새벽,GL
83,2008-08-01:05:51:45,1,GL-E36-TM,T8,75.71,2500,9584,14240,3호기,2,1131,80,1126,98,331,1126,843,1,6,1조,2008-08-01,새벽,GL
84,2008-08-01:05:52:21,1,AB/EH36-TM,T8,75.81,2498,9538,14180,1호기,1,1130,79,1125,98,321,1125,840,1,6,2조,2008-08-01,새벽,AB/EH36
85,2008-08-01:05:52:32,0,AB/EH36-TM,T8,83.32,2560,10409,17430,1호기,2,1124,77,1124,99,342,1124,846,0,6,2조,2008-08-01,새벽,AB/EH36
86,2008-08-01:05:52:22,1,AB/EH36-TM,T8,83.32,2560,10409,17430,2호기,1,1116,77,1122,100,342,1122,839,1,6,3조,2008-08-01,새벽,AB/EH36
87,2008-08-01:05:53:45,1,AB/EH36-TM,T8,89.63,2560,10381,18700,2호기,2,1130,78,1125,100,332,1125,843,1,6,1조,2008-08-01,새벽,AB/EH36
88,2008-08-01:05:53:58,1,AB/EH36-TM,T8,89.63,2560,10381,18700,3호기,1,1129,87,1123,104,332,1123,844,1,6,3조,2008-08-01,새벽,AB/EH36
89,2008-08-01:05:53:39,1,AB/EH36-TM,T8,89.63,2560,10381,18700,3호기,2,1129,78,1126,100,338,1126,841,1,6,3조,2008-08-01,새벽,AB/EH36
90,2008-08-01:05:54:08,1,BV-B,C0,20.13,3575,39279,66570,3호기,1,1129,76,1126,118,336,1126,934,1,8,1조,2008-08-01,새벽,BV
91,2008-08-01:05:54:28,1,BV-B,C0,20.13,3575,39545,67020,3호기,2,1140,68,1132,104,348,1132,911,1,8,4조,2008-08-01,새벽,BV
92,2008-08-01:05:54:29,1,LR-B,C0,17.1,3370,39613,35840,2호기,2,1130,71,1130,112,348,1130,935,1,10,1조,2008-08-01,새벽,LR
93,2008-08-01:05:54:26,1,JS-SM490YB,C0,14.09,3284,51234,93050,1호기,1,1140,80,1131,117,352,1131,915,1,10,2조,2008-08-01,새벽,JS
94,2008-08-01:05:55:53,1,JS-SM490YB,C0,14.09,3284,51234,93050,1호기,2,1142,74,1132,123,353,1132,923,1,10,4조,2008-08-01,새벽,JS
95,2008-08-01:05:55:44,1,JS-SM490YB,C0,14.09,3284,51234,93050,2호기,1,1142,75,1131,122,353,1131,913,1,10,1조,2008-08-01,새벽,JS
96,2008-08-01:05:55:04,1,BV-B,C0,20.43,3431,41254,68100,3호기,1,1134,69,1132,119,343,1132,977,1,8,1조,2008-08-01,새벽,BV
97,2008-08-01:05:55:16,1,BV-B,C0,20.43,3431,40327,66570,3호기,2,1135,68,1142,103,342,1142,985,1,8,3조,2008-08-01,새벽,BV
98,2008-08-01:06:60:50,1,JS-SM490YB,C0,14.09,3284,51234,93050,1호기,1,1143,65,1136,118,354,1136,955,1,10,3조,2008-08-01,오전,JS
99,2008-08-01:06:60:13,1,JS-SM490YB,C0,14.09,3284,49142,89250,1호기,2,1140,65,1136,119,355,1136,955,1,10,3조,2008-08-01,오전,JS
100,2008-08-01:06:60:32,1,JS-SM490YB,C0,14.09,3284,51234,93050,2호기,1,1147,83,1141,108,360,1141,950,1,10,4조,2008-08-01,오전,JS
101,2008-08-01:06:60:12,1,JS-SM490YB,C0,14.09,3284,49142,89250,2호기,2,1136,72,1145,117,360,1145,952,1,10,3조,2008-08-01,오전,JS
102,2008-08-01:06:61:33,1,JS-SM490YB,C0,14.09,3284,49142,89250,1호기,1,1131,70,1141,120,352,1141,956,1,10,4조,2008-08-01,오전,JS
103,2008-08-01:06:61:18,1,JS-SM490YB,C0,14.09,3284,49142,89250,1호기,2,1133,69,1143,123,359,1143,920,1,10,1조,2008-08-01,오전,JS
104,2008-08-01:06:61:27,1,JS-SM490YB,C0,14.09,3284,44874,81500,2호기,2,1145,114,1150,78,348,1150,959,1,10,1조,2008-08-01,오전,JS
105,2008-08-01:06:61:49,1,JS-SM490YB,C0,14.09,3284,49142,89250,2호기,1,1140,101,1151,95,352,1151,918,1,10,4조,2008-08-01,오전,JS
106,2008-08-01:06:62:02,1,JS-SM490YB,C0,14.09,3094,41815,71550,3호기,1,1129,65,1148,131,363,1148,930,1,10,3조,2008-08-01,오전,JS
107,2008-08-01:06:62:20,0,JS-SM490YB,C0,14.09,3094,41815,85860,3호기,2,1151,104,1155,75,349,1155,930,1,9,4조,2008-08-01,오전,JS
108,2008-08-01:06:62:05,1,JS-SM490YB,C0,14.09,3094,41815,71550,1호기,1,1154,121,1156,72,360,1156,944,1,10,4조,2008-08-01,오전,JS
109,2008-08-01:06:62:16,1,JS-SM490YB,C0,14.09,3094,41815,71550,1호기,2,1144,88,1154,107,362,1154,930,1,10,2조,2008-08-01,오전,JS
110,2008-08-01:06:63:42,1,JS-SM490YB,C0,16.09,3094,39637,77450,2호기,2,1144,118,1157,72,343,1157,976,1,10,3조,2008-08-01,오전,JS
111,2008-08-01:06:63:16,1,JS-SM490YB,C0,16.09,2813,49732,70680,2호기,1,1151,117,1158,80,366,1158,956,1,10,2조,2008-08-01,오전,JS
112,2008-08-01:06:63:49,0,KR-B,C0,15.59,3105,54290,82520,3호기,1,1148,103,1153,91,356,1153,937,0,10,2조,2008-08-01,오전,KR
113,2008-08-01:06:63:19,1,JS-SM490YB,C0,18.1,3094,41786,91850,3호기,2,1150,118,1158,73,345,1158,950,1,10,4조,2008-08-01,오전,JS
114,2008-08-01:06:64:58,0,JS-SM490YB,C0,18.1,3094,41786,91850,1호기,1,1158,130,1162,54,345,1162,1004,1,10,2조,2008-08-01,오전,JS
115,2008-08-01:06:64:53,1,JS-SM490YB,C0,18.1,3094,41786,91850,1호기,2,1159,132,1164,54,358,1164,961,1,10,3조,2008-08-01,오전,JS
116,2008-08-01:06:64:16,1,JS-SM490YB,C0,18.1,3094,41786,91850,2호기,1,1146,108,1163,88,351,1163,996,1,10,2조,2008-08-01,오전,JS
117,2008-08-01:06:65:45,0,JS-SM490YB,C0,18.1,3094,41786,91850,2호기,2,1144,128,1159,65,332,1159,995,1,9,4조,2008-08-01,오전,JS
118,2008-08-01:06:65:33,1,JS-SM490YB,C0,18.1,3094,41786,91850,3호기,1,1141,106,1156,87,356,1156,953,1,10,1조,2008-08-01,오전,JS
119,2008-08-01:06:65:57,1,LR-A,C0,17.4,2886,43100,33980,3호기,2,1134,119,1158,72,352,1158,956,1,10,4조,2008-08-01,오전,LR
120,2008-08-01:06:65:03,1,JS-SM490YB,C0,20.1,3094,39288,95900,1호기,1,1167,131,1165,55,333,1165,992,1,8,2조,2008-08-01,오전,JS
121,2008-08-01:07:70:37,1,JS-SM490YB,C0,20.1,3094,39288,115080,1호기,2,1169,136,1167,56,350,1167,988,1,8,4조,2008-08-01,오전,JS
122,2008-08-01:07:70:29,1,JS-SM490A,C0,21.11,3034,43220,86920,3호기,1,1135,120,1157,67,345,1157,982,1,8,3조,2008-08-01,오전,JS
123,2008-08-01:07:70:56,1,KS-SM400B,C0,14.06,2654,53904,78950,2호기,1,1165,135,1164,61,351,1164,967,1,10,2조,2008-08-01,오전,KS
124,2008-08-01:07:70:36,1,JS-SM490YB,C0,15.09,2472,43234,50640,2호기,2,1143,118,1162,79,347,1162,975,1,10,2조,2008-08-01,오전,JS
125,2008-08-01:07:71:04,0,JS-SM490YB,C0,16.09,2552,36794,47440,3호기,2,1155,119,1166,72,330,1166,1008,1,10,3조,2008-08-01,오전,JS
126,2008-08-01:07:71:24,0,JS-SM490YB,C0,16.09,2512,37380,35580,1호기,1,1172,130,1166,62,329,1166,1018,1,10,4조,2008-08-01,오전,JS
127,2008-08-01:07:71:21,0,JS-SM490YB,C0,16.09,2561,42940,55560,1호기,2,1170,129,1167,64,345,1167,1006,1,10,3조,2008-08-01,오전,JS
128,2008-08-01:07:71:32,1,BV-B,C0,15.38,2580,42376,13200,2호기,1,1165,113,1164,71,346,1164,999,1,10,1조,2008-08-01,오전,BV
129,2008-08-01:07:72:20,0,BV-B,C0,16.6,2476,42678,55080,2호기,2,1163,121,1163,70,339,1163,1005,1,10,3조,2008-08-01,오전,BV
130,2008-08-01:07:72:35,0,BV-B,C0,18.11,2477,43959,77400,3호기,1,1162,134,1162,62,317,1162,1008,1,9,1조,2008-08-01,오전,BV
131,2008-08-01:07:72:46,0,JS-SM400B,C0,18.1,2520,42675,61120,3호기,2,1167,130,1166,63,319,1166,1012,1,10,3조,2008-08-01,오전,JS
132,2008-08-01:07:72:58,0,BV-B,C0,18.62,2761,42867,69200,1호기,1,1171,111,1165,60,317,1165,1002,1,10,1조,2008-08-01,오전,BV
133,2008-08-01:07:73:03,0,AB/B,C0,19.13,2440,39981,73250,1호기,2,1171,110,1167,61,317,1167,1023,1,10,4조,2008-08-01,오전,AB/B
134,2008-08-01:07:73:30,0,JS-SM490YB,C0,20.1,2569,48945,99200,3호기,1,1171,92,1166,56,311,1166,1015,1,8,4조,2008-08-01,오전,JS
135,2008-08-01:07:73:53,0,KS-SS400,C0,20.1,2469,41070,80000,2호기,1,1166,114,1165,60,353,1165,1021,1,8,2조,2008-08-01,오전,KS
136,2008-08-01:07:73:14,0,KS-SS400,C0,20.1,2664,45986,57990,2호기,2,1159,95,1165,65,318,1165,1011,1,8,1조,2008-08-01,오전,KS
137,2008-08-01:07:74:32,0,JS-SM490YB,C0,20.1,2433,42694,65560,3호기,2,1172,80,1169,72,328,1169,1013,1,8,3조,2008-08-01,오전,JS
138,2008-08-01:07:74:01,0,JS-SM490YB,C0,20.1,2569,48822,98950,1호기,2,1162,111,1164,69,316,1164,1019,1,8,2조,2008-08-01,오전,JS
139,2008-08-01:07:74:30,0,JS-SM490YB,C0,20.1,2554,48761,98250,1호기,1,1169,76,1166,74,330,1166,1006,1,8,2조,2008-08-01,오전,JS
140,2008-08-01:07:74:28,0,JS-SM490YB,C0,20.1,2569,44751,90700,2호기,1,1176,94,1170,59,319,1170,1026,1,8,1조,2008-08-01,오전,JS
141,2008-08-01:07:75:52,0,JS-SM490YB,C0,20.1,2493,38667,76050,2호기,2,1171,91,1170,57,315,1170,1027,1,7,4조,2008-08-01,오전,JS
142,2008-08-01:07:75:52,0,JS-SM490YB,C0,20.1,2554,45833,92350,3호기,1,1175,91,1167,60,314,1167,1020,1,8,3조,2008-08-01,오전,JS
143,2008-08-01:07:75:35,0,JS-SM490YB,C0,20.1,2569,48822,98950,3호기,2,1175,88,1169,61,314,1169,1014,1,8,1조,2008-08-01,오전,JS
144,2008-08-01:07:75:49,0,JS-SM490YB,C0,20.1,2469,33472,65200,1호기,1,1173,57,1168,73,325,1168,1022,1,8,3조,2008-08-01,오전,JS
145,2008-08-01:08:80:22,0,KR-A,C0,21.15,2684,49908,111200,3호기,1,1167,78,1165,63,299,1165,1007,1,8,1조,2008-08-01,오전,KR
146,2008-08-01:08:80:12,0,NV-A,C0,22.16,2634,49999,22910,3호기,2,1171,89,1167,50,297,1167,1007,1,8,4조,2008-08-01,오전,NV
147,2008-08-01:08:80:23,0,JS-SM490YB,C0,20.1,2573,36528,74150,2호기,1,1176,73,1169,56,314,1169,1017,1,7,4조,2008-08-01,오전,JS
148,2008-08-01:08:80:35,0,LR-B,C0,20.43,2641,42072,17820,2호기,2,1175,85,1167,58,330,1167,1006,1,8,3조,2008-08-01,오전,LR
149,2008-08-01:08:81:49,0,KR-A,C0,22.66,2782,43466,86040,1호기,2,1174,58,1169,82,320,1169,1007,1,8,1조,2008-08-01,오전,KR
150,2008-08-01:08:81:45,0,JS-SS400,C0,25.12,2466,31422,76400,1호기,1,1166,73,1164,57,298,1164,1022,1,8,3조,2008-08-01,오전,JS
151,2008-08-01:08:81:03,0,KS-SM400A,C0,30.0,2530,37847,90200,3호기,1,1168,89,1164,50,296,1164,1031,1,7,4조,2008-08-01,오전,KS
152,2008-08-01:08:81:05,0,JS-SS400,C0,35.15,2466,31229,106250,1호기,2,1159,61,1162,72,303,1162,1030,1,8,4조,2008-08-01,오전,JS
153,2008-08-01:08:81:45,0,JS-SS400,C0,35.15,2466,31229,106250,3호기,2,1164,79,1167,61,296,1167,1062,1,8,3조,2008-08-01,오전,JS
154,2008-08-01:08:82:22,0,JS-SS400,C0,40.16,2464,25077,77920,2호기,1,1174,74,1167,60,312,1167,1078,1,6,3조,2008-08-01,오전,JS
155,2008-08-01:08:82:02,0,JS-SS400,C0,40.16,2464,25077,77920,2호기,2,1167,77,1165,58,308,1165,1066,1,6,1조,2008-08-01,오전,JS
156,2008-08-01:08:82:59,0,JS-SS400,C0,55.2,2503,15286,49740,1호기,1,1155,77,1155,55,326,1155,1056,1,6,4조,2008-08-01,오전,JS
157,2008-08-01:08:82:11,0,JS-SS400,C0,80.28,2503,10511,33160,1호기,2,1157,68,1159,67,312,1159,1068,1,6,3조,2008-08-01,오전,JS
158,2008-08-01:08:82:39,0,JS-SM490A,C0,40.16,2170,33415,45720,3호기,1,1155,73,1161,55,309,1161,1054,1,6,3조,2008-08-01,오전,JS
159,2008-08-01:08:82:57,0,KS-SM490B,C0,35.15,2000,29862,32960,2호기,1,1162,80,1162,47,326,1162,1054,1,8,4조,2008-08-01,오전,KS
160,2008-08-01:08:83:13,0,KS-SM490B,C0,35.15,2000,29862,32960,2호기,2,1159,83,1160,52,330,1160,1053,1,8,1조,2008-08-01,오전,KS
161,2008-08-01:08:83:08,1,V42JBN3,C3,32.06,2200,37440,62190,3호기,2,1172,78,1167,52,295,1167,902,1,8,2조,2008-08-01,오전,V42JBN3
162,2008-08-01:08:83:45,1,V42JBN3,C3,32.06,2200,37440,62190,1호기,1,1163,77,1160,64,309,1160,907,1,8,1조,2008-08-01,오전,V42JBN3
163,2008-08-01:08:85:20,0,V42JBN3,C3,32.06,2200,37440,62190,1호기,2,1166,75,1166,72,316,1166,901,0,8,2조,2008-08-01,오전,V42JBN3
164,2008-08-01:08:85:49,0,LR-A,C0,22.15,2275,36504,28880,2호기,1,1162,74,1163,65,322,1163,1005,1,7,1조,2008-08-01,오전,LR
165,2008-08-01:08:85:49,0,KS-SM400B,C0,22.2,2200,36463,13980,2호기,2,1164,71,1165,73,319,1165,1006,1,8,1조,2008-08-01,오전,KS
166,2008-08-01:08:84:38,0,KR-A,C0,21.14,2200,41688,30440,3호기,1,1174,76,1167,49,302,1167,1037,1,8,4조,2008-08-01,오전,KR
167,2008-08-01:08:85:27,1,JS-SM490YB,C0,20.1,2569,44628,72360,3호기,2,1173,78,1167,55,309,1167,976,1,8,3조,2008-08-01,오전,JS
168,2008-08-01:09:90:22,0,JS-SM490YB,C0,20.1,2574,45600,92600,1호기,1,1165,78,1163,71,314,1163,1004,1,8,4조,2008-08-01,오전,JS
169,2008-08-01:09:90:57,0,JS-SS400,C1,20.18,2240,36748,65200,1호기,2,1171,99,1167,54,318,1167,1005,1,8,4조,2008-08-01,오전,JS
170,2008-08-01:09:90:50,0,JS-SM490YB,C0,20.1,2040,42841,68950,2호기,1,1165,76,1165,62,319,1165,1024,1,8,2조,2008-08-01,오전,JS
171,2008-08-01:09:91:43,0,LR-B,C0,20.13,2200,43492,60480,2호기,2,1161,62,1166,75,316,1166,1027,1,8,4조,2008-08-01,오전,LR
172,2008-08-01:09:90:45,0,JS-SM490YB,C0,20.1,2160,41723,71100,3호기,1,1170,66,1167,60,306,1167,1018,1,8,4조,2008-08-01,오전,JS
173,2008-08-01:09:90:39,0,JS-SM490YB,C0,20.1,2221,43117,75550,3호기,2,1171,65,1167,64,306,1167,1030,1,8,1조,2008-08-01,오전,JS
174,2008-08-01:09:91:42,0,JS-SM490YB,C0,20.1,2232,43728,77000,1호기,1,1169,77,1165,73,314,1165,1031,1,8,4조,2008-08-01,오전,JS
175,2008-08-01:09:91:37,0,JS-SM490YB,C0,20.1,2221,42061,73700,1호기,2,1177,88,1171,58,311,1171,1035,1,8,3조,2008-08-01,오전,JS
176,2008-08-01:09:91:41,0,BV-AH32,C0,19.62,2082,43753,42090,2호기,1,1161,74,1162,54,311,1162,1016,1,10,4조,2008-08-01,오전,BV
177,2008-08-01:09:91:30,0,JS-SM490YA,C0,19.1,2040,38774,35580,2호기,2,1172,72,1166,54,308,1166,1027,1,10,3조,2008-08-01,오전,JS
178,2008-08-01:09:92:22,0,JS-SM490YB,C0,20.1,2000,40846,64450,3호기,1,1170,67,1166,64,307,1166,1035,1,8,1조,2008-08-01,오전,JS
179,2008-08-01:09:92:22,0,BV-AH32,C0,19.12,2102,43709,41370,3호기,2,1147,56,1161,73,324,1161,1017,1,10,3조,2008-08-01,오전,BV
180,2008-08-01:09:92:11,0,JS-SM490YA,C0,19.1,2040,38774,35580,1호기,1,1164,76,1162,69,318,1162,1029,1,10,2조,2008-08-01,오전,JS
181,2008-08-01:09:92:06,0,BV-B,C0,18.4,2200,43648,55480,1호기,2,1166,80,1165,61,317,1165,1014,1,10,4조,2008-08-01,오전,BV
182,2008-08-01:09:92:56,0,KS-SM400B,C0,18.16,2350,42327,42540,2호기,1,1156,66,1163,61,295,1163,1010,1,10,2조,2008-08-01,오전,KS
183,2008-08-01:09:92:47,0,BV-B,C0,18.11,2280,40384,39270,2호기,2,1160,65,1165,61,304,1165,1015,1,10,1조,2008-08-01,오전,BV
184,2008-08-01:10:00:06,1,JS-SM490YB,C0,16.09,2221,43596,61150,3호기,1,1169,64,1164,61,308,1164,0,1,10,3조,2008-08-01,오전,JS
185,2008-08-01:09:94:29,1,JS-SM490YB,C0,16.09,2221,43596,61150,3호기,2,1163,57,1166,67,303,1166,0,1,10,4조,2008-08-01,오전,JS
186,2008-08-01:10:01:30,1,JS-SM490YB,C0,16.09,2221,43596,61150,1호기,1,1166,68,1161,103,343,1161,999,1,10,4조,2008-08-01,오전,JS
187,2008-08-01:10:01:03,1,JS-SM490YB,C0,16.09,2262,43156,61650,1호기,2,1176,85,1165,87,346,1165,1000,1,10,2조,2008-08-01,오전,JS
188,2008-08-01:10:01:26,1,KS-SS400,C0,20.1,2675,54279,45820,3호기,1,1159,70,1157,89,293,1157,991,1,8,1조,2008-08-01,오전,KS
189,2008-08-01:10:01:50,1,KR-A,C0,22.66,2783,46379,91840,3호기,2,1163,68,1159,83,291,1159,995,1,8,4조,2008-08-01,오전,KR
190,2008-08-01:10:01:22,1,KS-SM490B,C0,14.06,2784,50215,77150,2호기,1,1143,59,1156,103,357,1156,945,1,10,3조,2008-08-01,오전,KS
191,2008-08-01:10:02:49,1,KS-SM490B,C0,14.06,2784,50281,77250,2호기,2,1161,78,1157,83,308,1157,941,1,10,4조,2008-08-01,오전,KS
192,2008-08-01:10:02:10,1,AB/AH32,C0,16.09,2733,48841,67440,1호기,1,1169,64,1158,94,328,1158,962,1,10,2조,2008-08-01,오전,AB/AH32
193,2008-08-01:10:02:41,1,LR-AH32,C0,15.59,2695,52998,34960,1호기,2,1176,84,1163,78,327,1163,952,1,10,1조,2008-08-01,오전,LR
194,2008-08-01:10:02:10,1,KR-A,C0,22.66,2783,46379,91840,3호기,1,1161,68,1156,85,290,1156,979,1,8,1조,2008-08-01,오전,KR
195,2008-08-01:10:03:38,1,KR-A,C0,22.66,2783,46379,91840,3호기,2,1163,68,1158,85,288,1158,993,1,8,3조,2008-08-01,오전,KR
196,2008-08-01:10:03:45,0,JS-SM490A,C0,30.13,2288,30730,33260,2호기,2,1167,81,1157,80,297,1157,1038,1,8,4조,2008-08-01,오전,JS
197,2008-08-01:10:03:21,0,NV-B,C0,30.24,2240,38947,20710,2호기,1,1155,74,1153,92,350,1153,1004,1,8,4조,2008-08-01,오전,NV
198,2008-08-01:10:03:16,0,JS-SM490A,C0,30.13,2288,30730,33260,1호기,1,1164,66,1158,92,304,1158,1022,1,8,1조,2008-08-01,오전,JS
199,2008-08-01:10:04:54,0,JS-SM490A,C0,30.13,2288,30730,33260,1호기,2,1163,61,1159,87,308,1159,1024,1,8,2조,2008-08-01,오전,JS
200,2008-08-01:10:04:53,0,JS-SM490A,C0,30.13,2288,30730,33260,2호기,1,1154,72,1155,85,276,1155,1029,1,8,3조,2008-08-01,오전,JS
201,2008-08-01:10:03:58,0,JS-SM490A,C0,40.16,2157,30705,41760,3호기,1,1162,78,1156,78,284,1156,1043,1,6,1조,2008-08-01,오전,JS
202,2008-08-01:10:04:44,0,JS-SM490A,C0,40.16,2157,30705,41760,3호기,2,1154,65,1156,96,288,1156,1046,1,6,1조,2008-08-01,오전,JS
203,2008-08-01:10:04:40,0,JS-SM490A,C0,30.13,2288,30730,33260,2호기,2,1162,82,1156,92,310,1156,1035,1,8,1조,2008-08-01,오전,JS
204,2008-08-01:10:05:36,0,JS-SM490A,C0,30.13,2288,30730,33260,1호기,1,1164,77,1157,95,289,1157,1031,1,8,1조,2008-08-01,오전,JS
205,2008-08-01:10:05:34,0,JS-SM490A,C0,30.13,2288,30730,33260,1호기,2,1160,65,1158,88,278,1158,1032,1,8,1조,2008-08-01,오전,JS
206,2008-08-01:10:05:35,0,JS-SM490A,C0,30.13,2288,30730,33260,2호기,1,1153,74,1155,94,285,1155,1020,1,8,1조,2008-08-01,오전,JS
207,2008-08-01:10:05:33,0,JS-SM490A,C0,30.13,2288,30730,33260,2호기,2,1160,71,1157,97,294,1157,1012,1,8,3조,2008-08-01,오전,JS
208,2008-08-01:10:04:38,0,JS-SM490A,C0,30.13,2288,30730,33260,3호기,1,1164,62,1159,84,279,1159,1034,1,8,2조,2008-08-01,오전,JS
209,2008-08-01:10:05:37,0,JS-SM490A,C0,30.13,2288,30730,33260,3호기,2,1165,79,1158,85,291,1158,1032,1,8,3조,2008-08-01,오전,JS
210,2008-08-01:11:10:29,0,JS-SM490A,C0,30.13,2288,30730,33260,1호기,1,1155,73,1154,93,284,1154,1022,1,8,1조,2008-08-01,오전,JS
211,2008-08-01:11:10:42,0,JS-SM490A,C0,30.13,2288,30730,33260,1호기,2,1163,105,1159,51,284,1159,1034,1,8,4조,2008-08-01,오전,JS
212,2008-08-01:11:10:04,0,JS-SM490A,C0,30.13,2288,30730,33260,2호기,1,1151,65,1155,90,277,1155,1031,1,8,2조,2008-08-01,오전,JS
213,2008-08-01:11:10:47,0,JS-SM490A,C0,40.16,2157,30705,41760,3호기,1,1159,103,1155,52,271,1155,1053,1,6,3조,2008-08-01,오전,JS
214,2008-08-01:11:10:06,0,JS-SM490A,C0,40.16,2157,30705,41760,3호기,2,1158,73,1156,91,290,1156,1053,1,6,1조,2008-08-01,오전,JS
215,2008-08-01:11:11:12,0,KR-A,C0,22.66,2339,34345,42870,2호기,2,1143,67,1153,97,286,1153,1007,1,8,1조,2008-08-01,오전,KR
216,2008-08-01:11:11:14,0,KR-A,C0,22.66,2339,34345,42870,1호기,1,1160,107,1156,60,285,1156,1006,1,8,4조,2008-08-01,오전,KR
217,2008-08-01:11:11:37,1,KR-A,C0,22.66,2339,34345,42870,1호기,2,1153,91,1153,59,282,1153,997,1,8,4조,2008-08-01,오전,KR
218,2008-08-01:11:11:31,0,NV-A32,C0,20.13,2000,41861,26460,2호기,1,1158,88,1153,53,279,1153,1002,1,8,4조,2008-08-01,오전,NV
219,2008-08-01:11:11:42,0,JS-SM490YB,C0,20.1,2231,42412,74650,2호기,2,1155,95,1154,44,272,1154,986,1,7,4조,2008-08-01,오전,JS
220,2008-08-01:11:12:30,0,JS-SM490A,C0,40.16,2157,30705,41760,3호기,1,1158,105,1154,52,270,1154,1043,1,6,1조,2008-08-01,오전,JS
221,2008-08-01:11:12:31,0,JS-SM490A,C0,40.16,2157,30705,41760,3호기,2,1161,105,1155,58,281,1155,1029,1,6,2조,2008-08-01,오전,JS
222,2008-08-01:11:12:22,0,LR-AH32,C0,19.12,2329,36874,38670,1호기,1,1159,99,1154,56,280,1154,1019,1,10,2조,2008-08-01,오전,LR
223,2008-08-01:11:12:16,1,LR-AH32,C0,19.12,2000,42940,38670,1호기,2,1150,82,1150,58,279,1150,989,1,10,2조,2008-08-01,오전,LR
224,2008-08-01:11:12:26,0,JS-SM490YB,C0,20.1,2040,42841,55160,2호기,1,1149,96,1149,44,267,1149,1021,1,8,4조,2008-08-01,오전,JS
225,2008-08-01:11:13:28,1,JS-SM490YB,C0,20.1,2219,36558,51200,2호기,2,1151,98,1151,40,264,1151,996,1,8,3조,2008-08-01,오전,JS
226,2008-08-01:11:13:40,0,JS-SM490YB,C0,20.1,2040,42841,55160,3호기,1,1154,91,1152,59,277,1152,1010,1,8,1조,2008-08-01,오전,JS
227,2008-08-01:11:13:50,0,JS-SM490YB,C0,20.1,2130,42995,72250,3호기,2,1150,97,1151,60,277,1151,1012,1,8,3조,2008-08-01,오전,JS
228,2008-08-01:11:13:37,0,JS-SM490YB,C0,20.1,2221,41519,72750,1호기,1,1154,101,1152,53,279,1152,1002,1,7,2조,2008-08-01,오전,JS
229,2008-08-01:11:14:00,0,JS-SM490A,C0,50.19,2503,18850,55770,1호기,2,1132,93,1141,55,278,1141,1032,1,6,4조,2008-08-01,오전,JS
230,2008-08-01:11:13:16,0,KS-SM400A,C0,40.0,2463,21502,33260,2호기,1,1139,101,1144,38,257,1144,1029,1,6,1조,2008-08-01,오전,KS
231,2008-08-01:11:15:16,0,JS-SS400,C0,40.16,2463,16858,39270,2호기,2,1139,103,1147,51,267,1147,1034,1,6,2조,2008-08-01,오전,JS
232,2008-08-01:11:14:30,0,JS-SM490A,C0,38.16,2464,17856,39540,3호기,1,1145,98,1150,60,274,1150,1048,1,8,3조,2008-08-01,오전,JS
233,2008-08-01:11:14:45,0,KS-SM490A,C0,30.13,2528,27327,32680,3호기,2,1149,89,1152,54,273,1152,1019,1,8,1조,2008-08-01,오전,KS
234,2008-08-01:11:14:46,0,JS-SS400,C0,25.12,2466,31422,76400,1호기,1,1145,101,1148,47,275,1148,1023,1,8,3조,2008-08-01,오전,JS
235,2008-08-01:11:15:50,0,NV-A,C0,25.18,2518,36325,36160,1호기,2,1129,97,1137,46,260,1137,1020,1,8,4조,2008-08-01,오전,NV
236,2008-08-01:11:15:01,0,LR-A,C0,24.17,2577,41967,41040,2호기,1,1135,96,1145,50,260,1145,1003,1,8,3조,2008-08-01,오전,LR
237,2008-08-01:11:15:58,0,KR-A,C0,22.66,2339,34345,42870,2호기,2,1133,103,1144,44,261,1144,1011,1,8,2조,2008-08-01,오전,KR
238,2008-08-01:11:15:00,0,KR-A,C0,22.66,2339,34345,42870,3호기,1,1135,88,1147,65,260,1147,1007,1,8,2조,2008-08-01,오전,KR
239,2008-08-01:12:20:03,0,KR-A,C0,22.66,2339,34345,42870,3호기,2,1133,89,1148,63,269,1148,1005,1,8,4조,2008-08-01,오후,KR
240,2008-08-01:12:20:13,1,KR-A,C0,22.66,2339,34345,42870,1호기,1,1139,64,1145,50,262,1145,998,1,8,2조,2008-08-01,오후,KR
241,2008-08-01:12:20:54,0,LR-AH32,C0,19.13,2529,36942,42090,1호기,2,1133,61,1141,46,267,1141,1006,1,10,4조,2008-08-01,오후,LR
242,2008-08-01:12:20:15,1,LR-AH32,C0,19.63,2549,35718,14030,2호기,1,1141,59,1147,48,257,1147,987,1,10,4조,2008-08-01,오후,LR
243,2008-08-01:12:21:31,1,JS-SM400B,C0,18.1,2520,42675,61120,2호기,2,1128,104,1146,52,271,1146,980,1,10,1조,2008-08-01,오후,JS
244,2008-08-01:12:20:21,0,JS-SM490YB,C0,16.09,2559,37250,36120,3호기,1,1138,57,1148,57,261,1148,968,1,9,3조,2008-08-01,오후,JS
245,2008-08-01:12:21:35,1,JS-SM490YB,C0,16.09,2559,37250,36120,3호기,2,1140,107,1148,49,270,1148,973,1,10,3조,2008-08-01,오후,JS
246,2008-08-01:12:21:38,0,JS-SM490YB,C0,16.09,2559,37250,36120,1호기,1,1153,67,1151,44,269,1151,976,0,10,3조,2008-08-01,오후,JS
247,2008-08-01:12:21:02,1,NK-KA32,C0,15.08,2671,43613,13790,1호기,2,1131,61,1138,47,258,1138,956,1,10,1조,2008-08-01,오후,NK
248,2008-08-01:12:22:05,0,JS-SM490YB,C0,16.09,2512,37380,35580,2호기,1,1140,54,1149,50,257,1149,971,1,9,1조,2008-08-01,오후,JS
249,2008-08-01:12:22:13,0,JS-SM490YB,C0,16.09,2512,37380,35580,2호기,2,1152,73,1153,35,264,1153,985,1,9,4조,2008-08-01,오후,JS
250,2008-08-01:12:22:27,0,JS-SM490YB,C0,16.09,2512,37380,35580,3호기,1,1144,56,1150,59,273,1150,972,0,10,4조,2008-08-01,오후,JS
251,2008-08-01:12:22:35,1,JS-SM490YB,C0,16.09,2512,37380,35580,3호기,2,1149,71,1151,51,268,1151,973,1,10,2조,2008-08-01,오후,JS
252,2008-08-01:12:23:20,1,JS-SM490YB,C0,16.09,2512,37380,35580,1호기,1,1145,62,1147,49,266,1147,968,1,10,4조,2008-08-01,오후,JS
253,2008-08-01:12:23:30,1,JS-SM490YB,C0,15.09,2471,42431,49680,1호기,2,1121,60,1132,49,246,1132,969,1,10,3조,2008-08-01,오후,JS
254,2008-08-01:12:23:45,1,JS-SM490YB,C0,15.09,2471,42431,49680,2호기,1,1138,58,1149,59,268,1149,973,1,10,4조,2008-08-01,오후,JS
255,2008-08-01:12:23:37,1,GL-A32,C0,15.08,2611,42641,52720,2호기,2,1148,60,1152,43,268,1152,993,1,10,3조,2008-08-01,오후,GL
256,2008-08-01:12:23:13,1,BV-AH32,C0,15.08,2671,42126,39960,3호기,1,1140,63,1149,62,267,1149,957,1,10,3조,2008-08-01,오후,BV
257,2008-08-01:12:24:37,0,KR-A,C0,21.15,2782,44880,82920,3호기,2,1146,64,1151,62,267,1151,971,1,7,1조,2008-08-01,오후,KR
258,2008-08-01:12:24:05,1,JS-SS400,C0,22.15,2572,45995,82280,1호기,1,1134,61,1140,55,267,1140,972,1,8,1조,2008-08-01,오후,JS
259,2008-08-01:12:24:26,1,KR-A,C0,21.15,2782,44880,82920,1호기,2,1114,60,1130,58,254,1130,959,1,8,1조,2008-08-01,오후,KR
260,2008-08-01:12:25:10,1,KS-SM400B,C0,20.0,2682,46025,96900,2호기,1,1136,57,1147,57,271,1147,956,1,8,1조,2008-08-01,오후,KS
261,2008-08-01:12:25:30,1,KS-SS400,C0,20.1,2533,48490,96900,2호기,2,1135,55,1147,47,256,1147,958,1,8,3조,2008-08-01,오후,KS
262,2008-08-01:12:24:16,1,BV-AH32,C0,20.14,2477,43538,68200,3호기,1,1137,75,1145,48,269,1145,976,1,8,4조,2008-08-01,오후,BV
263,2008-08-01:12:25:57,1,JS-SM490YB,C0,16.09,3094,41710,81500,3호기,2,1133,68,1145,48,268,1145,913,1,10,3조,2008-08-01,오후,JS
264,2008-08-01:12:25:52,1,JS-SM490YB,C0,16.09,2813,49732,70680,1호기,1,1137,61,1142,55,269,1142,945,1,10,2조,2008-08-01,오후,JS
265,2008-08-01:13:30:18,1,JS-SM490YB,C0,16.09,2813,49732,70680,1호기,2,1125,53,1138,66,262,1138,934,1,10,4조,2008-08-01,오후,JS
266,2008-08-01:13:30:38,1,BV-B,C0,17.4,3015,38973,64200,2호기,1,1110,64,1142,52,259,1142,951,1,10,3조,2008-08-01,오후,BV
267,2008-08-01:13:30:10,1,NV-A32,C0,17.1,3103,49216,41000,3호기,1,1126,74,1147,55,265,1147,939,1,10,4조,2008-08-01,오후,NV
268,2008-08-01:13:30:01,0,BV-AH32,C0,17.1,2895,54218,63210,3호기,2,1140,64,1154,54,270,1154,947,1,9,1조,2008-08-01,오후,BV
269,2008-08-01:13:31:18,1,JS-SM490YB,C0,18.1,3094,29435,51760,2호기,2,1112,57,1145,57,263,1145,970,1,10,3조,2008-08-01,오후,JS
270,2008-08-01:13:31:02,1,JS-SM490YB,C0,18.1,3094,36532,80300,1호기,1,1124,62,1139,57,272,1139,975,1,10,1조,2008-08-01,오후,JS
271,2008-08-01:13:31:21,1,JS-SM490YB,C0,18.1,3094,36532,80300,2호기,2,1124,62,1148,52,245,1148,982,1,10,4조,2008-08-01,오후,JS
272,2008-08-01:13:31:49,0,JS-SM490YB,C0,18.1,3094,41786,91850,1호기,2,1115,58,1136,64,259,1136,971,1,9,4조,2008-08-01,오후,JS
273,2008-08-01:13:32:17,1,JS-SM490YB,C0,18.1,3094,41786,91850,2호기,1,1126,62,1152,59,252,1152,979,1,10,3조,2008-08-01,오후,JS
274,2008-08-01:13:32:01,0,JS-SS400,C0,25.12,3082,37449,91040,3호기,1,1129,63,1151,58,264,1151,991,1,7,3조,2008-08-01,오후,JS
275,2008-08-01:13:32:23,0,AB/A,C0,23.16,3181,38991,45100,3호기,2,1133,64,1154,56,257,1154,988,1,7,4조,2008-08-01,오후,AB/A
276,2008-08-01:13:32:34,1,JS-SM490YB,C0,20.1,3034,38978,74640,1호기,1,1134,53,1143,58,264,1143,977,1,8,2조,2008-08-01,오후,JS
277,2008-08-01:13:33:45,1,JS-SM490A,C0,20.1,2934,37132,51570,1호기,2,1115,51,1139,70,250,1139,983,1,8,1조,2008-08-01,오후,JS
278,2008-08-01:13:33:55,1,JS-SM490YB,C0,20.1,2864,37198,50430,2호기,1,1141,63,1161,57,251,1161,995,1,8,1조,2008-08-01,오후,JS
279,2008-08-01:13:33:12,1,JS-SM490YB,C0,20.1,2864,37198,50430,2호기,2,1149,49,1160,57,249,1160,985,1,8,2조,2008-08-01,오후,JS
280,2008-08-01:13:33:32,1,LR-AH32,C3,22.15,3133,32234,35120,3호기,1,1130,66,1150,58,289,1150,984,1,8,1조,2008-08-01,오후,LR
281,2008-08-01:13:34:09,1,LR-AH36,C3,25.19,2998,31020,55170,3호기,2,1140,66,1155,55,258,1155,899,1,8,4조,2008-08-01,오후,LR
282,2008-08-01:13:34:31,1,JS-SS400,C0,25.12,3082,37449,91040,3호기,1,1142,62,1158,56,262,1158,992,1,8,3조,2008-08-01,오후,JS
283,2008-08-01:13:34:09,1,A709-36,C0,26.24,2800,28920,33360,1호기,1,1150,63,1154,59,264,1154,993,1,8,2조,2008-08-01,오후,A709
284,2008-08-01:13:34:24,1,JS-SM490A,C0,24.11,3034,20723,23800,1호기,2,1135,53,1149,73,264,1149,987,1,8,2조,2008-08-01,오후,JS
285,2008-08-01:13:35:15,1,NV-A,C0,25.18,2881,40423,46040,3호기,2,1144,63,1159,58,265,1159,989,1,8,3조,2008-08-01,오후,NV
286,2008-08-01:13:35:36,1,NV-A,C0,24.18,2848,31724,17150,2호기,2,1136,49,1160,71,262,1160,976,1,8,4조,2008-08-01,오후,NV
287,2008-08-01:13:35:44,1,JS-SM490A,C0,30.13,3082,25145,73320,2호기,1,1172,74,1166,59,262,1166,972,1,8,1조,2008-08-01,오후,JS
288,2008-08-01:13:35:31,0,JS-SS400,C0,38.16,3077,18996,35020,1호기,1,1168,68,1163,57,262,1163,1009,1,8,1조,2008-08-01,오후,JS
289,2008-08-01:13:35:35,0,KS-SM490B,C0,30.13,3478,28166,46340,3호기,1,1145,65,1159,53,259,1159,1009,1,7,1조,2008-08-01,오후,KS
290,2008-08-01:14:40:22,0,AB/A,C0,25.18,3379,32519,65160,3호기,2,1137,52,1167,66,260,1167,989,0,8,1조,2008-08-01,오후,AB/A
291,2008-08-01:14:40:54,1,BV-B,C0,20.44,3280,37811,59700,1호기,2,1133,61,1149,76,264,1149,970,1,8,1조,2008-08-01,오후,BV
292,2008-08-01:14:40:56,1,LR-B,C0,20.43,3209,34217,17610,2호기,1,1144,65,1161,63,264,1161,987,1,8,4조,2008-08-01,오후,LR
293,2008-08-01:14:40:02,1,BV-B,C0,20.43,3269,34486,54240,2호기,2,1142,58,1162,70,272,1162,981,1,8,3조,2008-08-01,오후,BV
294,2008-08-01:14:41:43,1,LR-A,C0,20.63,3433,38779,64680,1호기,2,1126,57,1144,68,224,1144,972,1,8,3조,2008-08-01,오후,LR
295,2008-08-01:14:41:40,1,BV-AH32,C0,19.63,3297,28717,29180,1호기,1,1176,68,1168,58,269,1168,960,1,10,3조,2008-08-01,오후,BV
296,2008-08-01:14:41:02,1,BV-AH32,C0,19.63,3297,29012,29480,2호기,2,1168,64,1168,61,268,1168,979,1,10,3조,2008-08-01,오후,BV
297,2008-08-01:14:41:02,0,BV-B,C0,19.13,3276,42869,63270,2호기,1,1157,63,1161,62,224,1161,975,1,9,1조,2008-08-01,오후,BV
298,2008-08-01:14:42:18,1,BV-B,C0,19.13,3281,42702,84160,3호기,1,1158,73,1166,56,234,1166,980,1,10,4조,2008-08-01,오후,BV
299,2008-08-01:14:42:38,1,LR-B,C0,19.12,3586,41023,44160,3호기,2,1176,72,1169,55,269,1169,976,1,10,1조,2008-08-01,오후,LR
300,2008-08-01:14:42:29,1,BV-AH32,C0,19.63,3297,28815,29280,1호기,1,1162,72,1159,56,238,1159,975,1,10,3조,2008-08-01,오후,BV
301,2008-08-01:14:42:50,1,LR-AH32,C0,18.11,3231,42474,19510,1호기,2,1158,65,1159,68,239,1159,971,1,10,2조,2008-08-01,오후,LR
302,2008-08-01:14:43:46,0,NV-B,C0,17.6,3571,43172,63900,2호기,1,1158,71,1168,56,221,1168,962,1,9,4조,2008-08-01,오후,NV
303,2008-08-01:14:43:57,0,AB/B,C0,18.11,3599,34418,35220,2호기,2,1115,57,1160,71,236,1160,964,0,10,3조,2008-08-01,오후,AB/B
304,2008-08-01:14:43:09,1,BV-B,C0,16.39,3299,36847,31280,3호기,1,1165,72,1164,56,233,1164,969,1,10,2조,2008-08-01,오후,BV
305,2008-08-01:14:43:50,1,LR-B,C0,16.09,3500,38907,51600,3호기,2,1155,71,1164,56,233,1164,945,1,10,2조,2008-08-01,오후,LR
306,2008-08-01:14:44:45,1,AB/B,C0,14.07,3435,54218,82280,1호기,1,1145,61,1155,68,229,1155,886,1,10,2조,2008-08-01,오후,AB/B
307,2008-08-01:14:44:03,1,LR-AH32,C0,13.06,3352,48799,33540,1호기,2,1134,68,1149,75,240,1149,898,1,10,2조,2008-08-01,오후,LR
308,2008-08-01:14:44:58,0,LR-B,C0,13.06,3495,53947,77320,2호기,1,1172,78,1171,48,227,1171,923,1,9,4조,2008-08-01,오후,LR
309,2008-08-01:14:44:01,1,NV-A32,C0,13.06,3505,54016,19410,3호기,1,1169,64,1170,61,235,1170,929,1,10,3조,2008-08-01,오후,NV
310,2008-08-01:14:45:48,1,KR-AH32,C0,13.56,3345,53726,38260,3호기,2,1172,68,1173,57,228,1173,916,1,10,4조,2008-08-01,오후,KR
311,2008-08-01:14:45:07,1,LR-AH32,C0,12.05,3405,41199,26540,2호기,2,1175,76,1174,58,230,1174,907,1,10,1조,2008-08-01,오후,LR
312,2008-08-01:14:45:41,1,LR-AH32,C0,12.05,3405,41199,26540,1호기,1,1184,72,1174,58,229,1174,905,1,10,1조,2008-08-01,오후,LR
313,2008-08-01:14:45:20,1,NK-KA32,C0,12.05,3310,42701,13370,1호기,2,1183,63,1173,69,239,1173,911,1,10,3조,2008-08-01,오후,NK
314,2008-08-01:15:50:37,1,AB/B,C0,13.06,3201,43209,56720,2호기,1,1174,73,1170,51,229,1170,937,1,10,4조,2008-08-01,오후,AB/B
315,2008-08-01:15:50:00,1,NV-B,C0,17.6,3579,36988,54870,2호기,2,1184,91,1169,53,231,1169,964,1,10,2조,2008-08-01,오후,NV
316,2008-08-01:15:50:09,1,BV-B,C0,17.4,3279,35031,47070,3호기,1,1168,72,1167,64,243,1167,984,1,10,4조,2008-08-01,오후,BV
317,2008-08-01:15:50:30,1,LR-B,C0,19.12,3586,41023,44160,3호기,2,1175,75,1170,60,241,1170,993,1,10,1조,2008-08-01,오후,LR
318,2008-08-01:15:51:45,1,LR-B,C0,19.12,3586,41023,44160,3호기,1,1186,73,1172,53,235,1172,993,1,10,2조,2008-08-01,오후,LR
319,2008-08-01:15:51:19,1,BV-B,C0,18.11,3387,29573,14240,1호기,1,1174,62,1169,70,237,1169,993,1,10,1조,2008-08-01,오후,BV
320,2008-08-01:15:51:32,1,BV-B,C0,19.12,3277,28728,28260,1호기,2,1181,66,1169,70,238,1169,998,1,10,4조,2008-08-01,오후,BV
321,2008-08-01:15:51:32,1,AB/B,C0,19.12,3506,27060,28480,2호기,2,1180,77,1168,64,233,1168,988,1,10,2조,2008-08-01,오후,AB/B
322,2008-08-01:15:52:24,1,BV-B,C0,20.43,3575,37691,64830,3호기,2,1178,75,1167,57,238,1167,977,1,8,3조,2008-08-01,오후,BV
323,2008-08-01:15:52:07,1,LR-A,C0,21.64,3433,36798,64380,2호기,1,1175,75,1167,64,245,1167,973,1,8,1조,2008-08-01,오후,LR
324,2008-08-01:15:52:41,1,BV-B,C0,20.13,3575,39279,66570,3호기,1,1181,70,1172,50,230,1172,978,1,8,2조,2008-08-01,오후,BV
325,2008-08-01:15:52:22,1,BV-B,C0,20.13,3575,39279,66570,3호기,2,1177,61,1170,60,232,1170,993,1,8,4조,2008-08-01,오후,BV
326,2008-08-01:15:53:11,0,NV-A,C0,24.17,3651,24006,33260,1호기,1,1158,62,1161,75,244,1161,1004,1,8,1조,2008-08-01,오후,NV
327,2008-08-01:15:53:06,0,LR-A,C0,21.94,3813,31962,20990,2호기,1,1166,71,1165,61,242,1165,951,0,8,4조,2008-08-01,오후,LR
328,2008-08-01:15:53:31,1,LR-A,C0,21.94,3810,21213,13920,2호기,2,1158,68,1166,73,243,1166,955,1,8,3조,2008-08-01,오후,LR
329,2008-08-01:15:53:27,1,LR-A,C0,21.64,3685,34777,43540,1호기,2,1150,70,1157,84,249,1157,966,1,8,3조,2008-08-01,오후,LR
330,2008-08-01:15:54:02,0,NV-A,C0,21.64,3685,34777,43540,1호기,2,1165,68,1164,75,242,1164,991,0,8,4조,2008-08-01,오후,NV
331,2008-08-01:15:54:14,1,NV-A,C0,21.64,3685,34777,43540,2호기,1,1189,70,1174,60,242,1174,997,1,8,1조,2008-08-01,오후,NV
332,2008-08-01:15:54:42,0,LR-A,C0,21.64,3685,34777,43540,3호기,1,1191,68,1176,52,234,1176,998,1,7,2조,2008-08-01,오후,LR
333,2008-08-01:15:54:00,1,NV-A,C0,21.64,3685,34777,43540,3호기,2,1146,61,1162,66,251,1162,987,1,8,3조,2008-08-01,오후,NV
334,2008-08-01:15:55:10,1,BV-B,C0,19.42,3720,37753,64230,1호기,2,1174,72,1168,67,237,1168,990,1,10,3조,2008-08-01,오후,BV
335,2008-08-01:15:55:38,1,BV-B,C0,20.42,3770,38522,69840,3호기,1,1183,81,1170,44,234,1170,982,1,8,2조,2008-08-01,오후,BV
336,2008-08-01:15:55:06,0,LR-AH32,C0,17.6,3733,32787,16910,1호기,1,1190,70,1177,73,243,1177,973,1,9,2조,2008-08-01,오후,LR
337,2008-08-01:15:55:40,0,LR-B,C0,17.09,3648,33448,32740,2호기,2,1189,73,1176,49,231,1176,949,1,10,4조,2008-08-01,오후,LR
338,2008-08-01:16:60:14,0,LR-B,C0,17.4,3615,40403,39900,2호기,1,1173,66,1176,55,245,1176,951,1,10,1조,2008-08-01,오후,LR
339,2008-08-01:16:60:34,1,LR-AH32,C0,15.58,3722,47472,64830,3호기,2,1169,76,1165,53,240,1165,925,1,10,1조,2008-08-01,오후,LR
340,2008-08-01:16:60:17,1,A516-60,C0,12.8,3871,49414,76880,1호기,1,1183,73,1175,66,244,1175,904,1,10,2조,2008-08-01,오후,A516
341,2008-08-01:16:60:21,0,A516-60,C0,12.8,3871,49414,76880,1호기,2,1184,72,1173,67,248,1173,904,0,10,3조,2008-08-01,오후,A516
342,2008-08-01:16:61:49,1,NV-A,C0,12.03,4295,41641,50670,2호기,1,1169,70,1169,43,250,1169,900,1,10,2조,2008-08-01,오후,NV
343,2008-08-01:16:61:58,1,NV-A,C0,13.54,4333,50765,70140,3호기,1,1144,71,1156,56,250,1156,892,1,10,3조,2008-08-01,오후,NV
344,2008-08-01:16:61:19,1,NV-A,C0,14.05,4153,50584,69510,3호기,2,1150,72,1159,55,252,1159,909,1,10,3조,2008-08-01,오후,NV
345,2008-08-01:16:62:16,1,BV-AH32,C0,16.059,4570,24075,27740,2호기,2,1174,71,1167,58,261,1167,933,1,10,1조,2008-08-01,오후,BV
346,2008-08-01:16:62:20,0,AB/B,C0,18.09,4266,24447,29620,1호기,1,1191,78,1179,50,244,1179,966,1,10,2조,2008-08-01,오후,AB/B
347,2008-08-01:16:62:42,1,LR-A,C0,18.09,4373,28583,35500,1호기,2,1149,67,1156,64,257,1156,954,1,10,3조,2008-08-01,오후,LR
348,2008-08-01:16:62:39,0,LR-AH32,C0,20.1,4528,20729,14810,2호기,1,1154,77,1160,50,256,1160,961,1,7,1조,2008-08-01,오후,LR
349,2008-08-01:16:62:11,1,LR-AH32,C0,20.1,4528,20729,14810,2호기,2,1163,82,1160,53,257,1160,959,1,8,4조,2008-08-01,오후,LR
350,2008-08-01:16:63:17,1,LR-A,C0,21.43,4058,30220,41260,3호기,1,1139,64,1158,64,258,1158,966,1,8,1조,2008-08-01,오후,LR
351,2008-08-01:16:63:23,0,KR-A,C0,24.14,4490,20884,17770,3호기,2,1149,63,1164,65,244,1164,976,1,7,1조,2008-08-01,오후,KR
352,2008-08-01:16:63:46,1,LR-A,C0,23.66,4087,28336,43020,1호기,1,1169,70,1168,59,246,1168,989,1,8,4조,2008-08-01,오후,LR
353,2008-08-01:16:63:37,1,LR-A,C0,23.96,4055,18867,14390,1호기,2,1158,86,1156,57,260,1156,985,1,8,2조,2008-08-01,오후,LR
354,2008-08-01:16:64:48,1,LR-A,C0,23.64,4575,17314,14700,2호기,1,1146,75,1157,52,258,1157,957,1,8,2조,2008-08-01,오후,LR
355,2008-08-01:16:64:47,1,LR-A,C0,23.64,4575,17314,14700,2호기,2,1160,77,1160,64,253,1160,956,1,8,4조,2008-08-01,오후,LR
356,2008-08-01:16:64:29,1,NV-A,C0,15.57,4086,26951,13460,3호기,1,1195,65,1174,64,245,1174,942,1,10,2조,2008-08-01,오후,NV
357,2008-08-01:16:64:44,0,AB/A,C0,13.04,4229,38577,50100,3호기,2,1202,71,1178,60,246,1178,907,1,10,1조,2008-08-01,오후,AB/A
358,2008-08-01:16:65:11,0,KR-A,C0,12.55,3495,40747,56120,1호기,1,1203,78,1185,52,247,1185,890,1,9,1조,2008-08-01,오후,KR
359,2008-08-01:16:65:59,1,NV-A,C0,12.05,3361,43091,27400,1호기,2,1184,76,1172,70,250,1172,906,1,10,3조,2008-08-01,오후,NV
360,2008-08-01:16:65:15,1,NV-A,C0,13.06,3211,43105,14190,2호기,1,1182,72,1172,57,233,1172,877,1,10,4조,2008-08-01,오후,NV
361,2008-08-01:17:70:18,0,GL-A,C0,14.07,3444,37435,28480,2호기,2,1168,48,1171,79,253,1171,935,0,10,1조,2008-08-01,오후,GL
362,2008-08-01:16:65:31,1,LR-A,C0,14.07,3501,42955,33220,3호기,1,1189,63,1175,60,238,1175,884,1,10,4조,2008-08-01,오후,LR
363,2008-08-01:17:70:04,0,NK-KA,C0,15.08,3449,36983,15100,3호기,2,1197,72,1178,56,243,1178,940,0,10,4조,2008-08-01,오후,NK
364,2008-08-01:17:70:34,0,NV-A,C0,15.08,3335,39894,15750,1호기,1,1199,73,1183,55,248,1183,952,1,10,1조,2008-08-01,오후,NV
365,2008-08-01:17:71:11,1,LR-A,C0,15.08,3555,39469,49830,1호기,2,1164,53,1167,75,248,1167,933,1,10,4조,2008-08-01,오후,LR
366,2008-08-01:17:71:22,1,NV-A,C0,16.09,3264,37621,15510,2호기,1,1180,68,1175,59,242,1175,935,1,10,3조,2008-08-01,오후,NV
367,2008-08-01:17:72:53,1,NV-A,C0,15.38,3274,36025,14240,2호기,2,1196,60,1172,60,252,1172,932,1,10,2조,2008-08-01,오후,NV
368,2008-08-01:17:70:33,0,NV-A,C0,15.38,3315,39677,15880,3호기,1,1196,65,1181,51,240,1181,937,1,10,2조,2008-08-01,오후,NV
369,2008-08-01:17:71:05,0,AB/A,C0,15.58,3587,31410,41340,3호기,2,1199,67,1181,56,247,1181,936,1,10,4조,2008-08-01,오후,AB/A
370,2008-08-01:17:72:04,0,NV-A,C0,16.59,3534,35568,16370,1호기,1,1198,54,1179,57,249,1179,934,1,10,3조,2008-08-01,오후,NV
371,2008-08-01:17:71:38,0,NV-A,C0,16.6,3514,36098,16530,1호기,2,1181,53,1176,64,241,1176,936,1,10,1조,2008-08-01,오후,NV
372,2008-08-01:17:71:47,0,NV-A,C0,18.11,3414,35170,17070,3호기,1,1205,76,1185,45,237,1185,994,1,10,2조,2008-08-01,오후,NV
373,2008-08-01:17:72:45,0,LR-A,C0,18.11,3493,31898,47520,2호기,1,1202,62,1184,49,247,1184,955,1,10,2조,2008-08-01,오후,LR
374,2008-08-01:17:72:44,0,NV-A,C0,18.11,3429,35263,17190,3호기,2,1206,72,1184,52,243,1184,998,1,10,2조,2008-08-01,오후,NV
375,2008-08-01:17:72:37,1,NV-A,C0,20.14,3278,30873,32000,2호기,2,1191,62,1174,58,243,1174,982,1,8,4조,2008-08-01,오후,NV
376,2008-08-01:17:73:18,1,LR-A,C0,21.94,3812,29914,39280,1호기,1,1159,64,1155,53,256,1155,978,1,8,4조,2008-08-01,오후,LR
377,2008-08-01:17:73:36,1,NV-A,C0,21.64,3685,34777,43540,1호기,2,1185,56,1173,56,240,1173,986,1,8,3조,2008-08-01,오후,NV
378,2008-08-01:17:73:45,1,AB/AH32,C3,23.16,3208,31445,36680,2호기,2,1161,64,1166,51,241,1166,984,1,8,4조,2008-08-01,오후,AB/AH32
379,2008-08-01:17:73:37,0,LR-AH32,C0,18.11,3571,41030,62490,3호기,1,1185,80,1171,48,238,1171,958,0,10,1조,2008-08-01,오후,LR
380,2008-08-01:17:74:17,0,LR-AH32,C0,18.11,3571,41779,84840,3호기,2,1198,81,1179,47,237,1179,960,1,10,1조,2008-08-01,오후,LR
381,2008-08-01:17:74:08,1,JS-SM490YB,C0,14.09,3284,51234,93050,2호기,1,1187,69,1167,46,244,1167,908,1,10,2조,2008-08-01,오후,JS
382,2008-08-01:17:74:40,1,KR-AH32,C0,13.56,3345,53193,37880,1호기,1,1181,54,1174,53,242,1174,914,1,10,2조,2008-08-01,오후,KR
383,2008-08-01:17:74:27,1,NV-A32,C0,12.05,3567,48723,65760,1호기,2,1192,68,1173,55,244,1173,882,1,10,4조,2008-08-01,오후,NV
384,2008-08-01:17:75:00,1,LR-B,C0,12.05,3181,43336,39120,2호기,1,1184,70,1161,51,241,1161,901,1,10,4조,2008-08-01,오후,LR
385,2008-08-01:17:75:24,1,JS-SM490A,C0,13.08,3025,53541,83150,2호기,2,1167,80,1156,49,237,1156,919,1,10,2조,2008-08-01,오후,JS
386,2008-08-01:17:75:54,1,KS-SM490B,C0,14.06,2875,54267,86100,3호기,1,1166,72,1163,60,240,1163,923,1,10,3조,2008-08-01,오후,KS
387,2008-08-01:17:75:28,1,JS-SM490YB,C0,18.1,3094,41786,91850,3호기,2,1183,64,1173,64,245,1173,957,1,10,2조,2008-08-01,오후,JS
388,2008-08-01:18:80:41,0,JS-SM490YB,C0,18.1,3094,41786,91850,1호기,1,1195,63,1173,52,243,1173,981,0,10,4조,2008-08-01,저녁,JS
389,2008-08-01:18:80:53,1,JS-SM490YB,C0,18.1,3094,41786,91850,1호기,2,1192,73,1167,58,242,1167,977,1,10,4조,2008-08-01,저녁,JS
390,2008-08-01:18:80:30,1,JS-SM490YB,C0,18.1,3094,41786,91850,2호기,1,1183,79,1162,44,236,1162,936,1,10,3조,2008-08-01,저녁,JS
391,2008-08-01:18:80:41,0,NV-A32,C0,18.11,3102,46259,20400,3호기,1,1194,73,1170,61,248,1170,982,1,9,2조,2008-08-01,저녁,NV
392,2008-08-01:18:81:17,0,NV-A32,C0,18.11,3053,48315,62910,3호기,2,1193,63,1176,64,245,1176,973,1,9,3조,2008-08-01,저녁,NV
393,2008-08-01:18:81:16,0,GL-A32,C0,17.1,3018,49195,19930,3호기,1,1198,64,1172,57,238,1172,972,0,10,1조,2008-08-01,저녁,GL
394,2008-08-01:18:81:57,1,NV-A32,C0,18.62,3111,42179,38360,1호기,1,1195,72,1165,49,240,1165,989,1,10,4조,2008-08-01,저녁,NV
395,2008-08-01:18:81:41,0,NV-A32,C0,17.1,3133,50195,63330,3호기,2,1204,71,1176,50,238,1176,972,1,10,3조,2008-08-01,저녁,NV
396,2008-08-01:18:82:18,1,BV-B,C0,19.13,2956,43072,76480,1호기,2,1177,63,1157,68,241,1157,957,1,10,4조,2008-08-01,저녁,BV
397,2008-08-01:18:82:38,1,NV-D36-TM,T7,23.15,4075,22524,16680,2호기,2,1200,64,1159,58,237,1159,905,1,8,3조,2008-08-01,저녁,NV
398,2008-08-01:18:82:05,1,NK-KA32-TM,T0,22.15,2884,30690,61560,2호기,1,1173,73,1153,58,242,1153,915,1,8,1조,2008-08-01,저녁,NK
399,2008-08-01:18:83:42,0,GL-A32-TM,T0,13.06,3328,33383,22780,1호기,1,1179,66,1153,57,241,1153,863,1,9,3조,2008-08-01,저녁,GL
400,2008-08-01:18:83:31,1,GL-A32-TM,T0,15.08,3239,36930,28320,1호기,2,1137,55,1136,68,245,1136,923,1,10,3조,2008-08-01,저녁,GL
401,2008-08-01:18:83:07,1,GL-A32-TM,T0,15.08,2724,37058,23900,2호기,1,1147,53,1133,66,243,1133,916,1,10,1조,2008-08-01,저녁,GL
402,2008-08-01:18:84:08,1,LR-AH36-TM,T7,17.61,2795,37735,43740,2호기,2,1187,62,1151,66,246,1151,904,1,10,2조,2008-08-01,저녁,LR
403,2008-08-01:18:84:56,0,LR-EH32-TM,T1,13.06,2615,54458,58400,3호기,1,1174,55,1165,75,247,1165,880,0,10,3조,2008-08-01,저녁,LR
404,2008-08-01:18:84:38,1,NV-E32-TM,T1,13.06,2475,54465,55280,3호기,2,1169,56,1163,74,248,1163,889,1,10,4조,2008-08-01,저녁,NV
405,2008-08-01:18:84:33,1,NV-E32-TM,T1,13.56,2475,54544,57480,1호기,1,1129,54,1130,73,261,1130,892,1,10,3조,2008-08-01,저녁,NV
406,2008-08-01:18:85:10,1,KS-HSB500,T5,25.0,1800,30205,32010,1호기,2,1160,57,1143,73,261,1143,823,1,8,4조,2008-08-01,저녁,KS
407,2008-08-01:18:85:32,1,KS-HSB500,T5,27.0,1915,26288,21340,2호기,1,1140,51,1134,68,262,1134,827,1,8,4조,2008-08-01,저녁,KS
408,2008-08-01:19:90:28,1,API-2W-50T,T3,25.23,2616,30128,62440,2호기,2,1151,63,1138,69,250,1138,854,1,8,4조,2008-08-01,저녁,API
409,2008-08-01:19:90:54,1,API-2W-50T,T3,25.23,1990,39606,46830,3호기,1,1180,67,1159,65,251,1159,843,1,8,1조,2008-08-01,저녁,API
410,2008-08-01:19:91:30,1,GL-A36-TM,T7,36.3,2490,21986,31200,3호기,2,1189,53,1165,82,265,1165,882,1,8,1조,2008-08-01,저녁,GL
411,2008-08-01:19:91:41,1,BV-EH32-TM,T1,35.29,3059,19553,16570,1호기,2,1140,55,1128,84,258,1128,936,1,8,1조,2008-08-01,저녁,BV
412,2008-08-01:19:92:08,1,BV-EH36-TM,T8,38.33,3099,16740,15610,1호기,1,1165,69,1138,77,263,1138,875,1,8,4조,2008-08-01,저녁,BV
413,2008-08-01:19:92:22,1,BV-EH36-TM,T8,38.33,3099,16740,15610,2호기,1,1106,57,1126,87,261,1126,873,1,8,4조,2008-08-01,저녁,BV
414,2008-08-01:19:92:50,1,BV-EH36-TM,T8,38.33,3099,16740,15610,2호기,2,1157,59,1133,81,247,1133,879,1,8,4조,2008-08-01,저녁,BV
415,2008-08-01:19:93:33,1,BV-EH36-TM,T8,38.33,3099,16740,15610,3호기,1,1175,65,1148,88,264,1148,875,1,8,1조,2008-08-01,저녁,BV
416,2008-08-01:19:93:41,1,BV-EH36-TM,T8,38.33,3099,16740,15610,3호기,2,1174,61,1148,91,268,1148,870,1,8,2조,2008-08-01,저녁,BV
417,2008-08-01:19:94:45,1,BV-EH36-TM,T8,38.33,3099,16740,15610,1호기,1,1170,56,1137,83,263,1137,881,1,8,2조,2008-08-01,저녁,BV
418,2008-08-01:19:94:11,1,BV-EH36-TM,T8,38.33,3099,16740,15610,1호기,2,1124,70,1116,80,265,1116,879,1,8,4조,2008-08-01,저녁,BV
419,2008-08-01:19:94:56,1,BV-EH36-TM,T8,38.33,3099,16740,15610,2호기,1,1117,53,1123,90,266,1123,873,1,8,2조,2008-08-01,저녁,BV
420,2008-08-01:19:95:17,1,BV-EH36-TM,T8,38.33,3099,16740,15610,2호기,2,1157,61,1124,88,256,1124,881,1,8,4조,2008-08-01,저녁,BV
421,2008-08-01:19:95:14,1,BV-EH36-TM,T8,38.33,3099,16740,15610,3호기,1,1149,69,1138,95,269,1138,880,1,8,3조,2008-08-01,저녁,BV
422,2008-08-01:19:95:44,1,BV-EH36-TM,T8,38.33,3099,16740,15610,3호기,2,1150,64,1140,95,271,1140,871,1,8,3조,2008-08-01,저녁,BV
423,2008-08-01:20:00:16,1,BV-EH36-TM,T8,38.33,3099,16740,15610,1호기,1,1151,66,1129,89,271,1129,873,1,8,2조,2008-08-01,저녁,BV
424,2008-08-01:20:00:49,1,BV-EH36-TM,T8,38.33,3099,16740,15610,1호기,2,1126,73,1118,89,270,1118,868,1,8,4조,2008-08-01,저녁,BV
425,2008-08-01:20:01:07,1,BV-EH36-TM,T8,38.33,3099,16740,15610,2호기,1,1155,71,1127,87,265,1127,875,1,8,1조,2008-08-01,저녁,BV
426,2008-08-01:20:01:15,1,BV-EH36-TM,T8,38.33,3098,13334,12430,2호기,2,1151,61,1122,105,273,1122,880,1,8,2조,2008-08-01,저녁,BV
427,2008-08-01:20:01:53,1,COMMON,T8,38.43,3129,16187,15280,3호기,1,1132,63,1134,109,280,1134,876,1,8,2조,2008-08-01,저녁,COMMON
428,2008-08-01:20:02:58,0,NV-A32-TM,T0,40.35,2772,25978,45620,3호기,2,1164,77,1136,90,278,1136,897,1,5,4조,2008-08-01,저녁,NV
429,2008-08-01:20:02:10,1,NV-A32-TM,T0,40.35,2772,25978,45620,3호기,1,1171,67,1139,94,276,1139,897,1,6,1조,2008-08-01,저녁,NV
430,2008-08-01:20:03:22,1,GL-A36-TM,T7,40.35,2481,22663,35620,1호기,2,1124,63,1121,107,269,1121,815,1,6,1조,2008-08-01,저녁,GL
431,2008-08-01:20:04:03,1,GL-A36-TM,T7,40.35,2481,22663,35620,2호기,1,1162,85,1126,93,278,1126,802,1,6,1조,2008-08-01,저녁,GL
432,2008-08-01:20:04:50,1,GL-A36-TM,T7,40.35,2481,22663,35620,3호기,2,1169,87,1138,83,286,1138,805,1,6,3조,2008-08-01,저녁,GL
433,2008-08-01:20:05:43,1,GL-A36-TM,T7,40.35,2481,22663,35620,1호기,2,1138,65,1125,108,283,1125,817,1,6,2조,2008-08-01,저녁,GL
434,2008-08-01:20:05:10,1,NV-D32-TM,T0,40.34,2132,26513,35800,3호기,1,1173,92,1138,80,291,1138,895,1,6,4조,2008-08-01,저녁,NV
435,2008-08-01:21:10:48,1,GL-A36-TM,T7,40.35,3081,23209,22650,3호기,2,1162,74,1136,101,289,1136,813,1,6,2조,2008-08-01,저녁,GL
436,2008-08-01:21:10:37,1,NK-KD36-TM,T7,40.35,2751,23376,61110,1호기,1,1156,77,1128,126,304,1128,816,1,6,2조,2008-08-01,저녁,NK
437,2008-08-01:21:11:20,1,NK-KD36-TM,T7,40.35,2641,23358,58620,2호기,2,1166,69,1118,141,308,1118,818,1,6,2조,2008-08-01,저녁,NK
438,2008-08-01:21:12:39,0,GL-D36-TM,T7,40.35,2517,25612,40840,2호기,1,1149,73,1119,131,306,1119,818,0,6,1조,2008-08-01,저녁,GL
439,2008-08-01:21:12:23,1,GL-D36-TM,T7,40.35,2517,25612,40840,1호기,1,1172,89,1135,113,299,1135,816,1,6,1조,2008-08-01,저녁,GL
440,2008-08-01:21:12:16,1,GL-A36-TM,T7,40.35,3081,23209,67950,3호기,1,1174,104,1134,85,307,1134,819,1,6,2조,2008-08-01,저녁,GL
441,2008-08-01:21:13:39,1,GL-A36-TM,T7,40.35,3081,23209,67950,3호기,2,1159,87,1131,106,304,1131,816,1,6,1조,2008-08-01,저녁,GL
442,2008-08-01:21:14:11,1,GL-D36-TM,T7,40.35,2517,25612,40840,1호기,2,1135,75,1120,130,320,1120,817,1,6,4조,2008-08-01,저녁,GL
443,2008-08-01:21:14:53,1,GL-D36-TM,T7,40.35,2517,25612,40840,2호기,1,1151,93,1121,127,327,1121,817,1,6,2조,2008-08-01,저녁,GL
444,2008-08-01:21:15:56,1,GL-A36-TM,T7,40.35,2511,22669,36060,2호기,2,1174,91,1118,135,339,1118,815,1,6,4조,2008-08-01,저녁,GL
445,2008-08-01:22:20:26,1,NV-D36-TM,T7,44.39,2245,22766,17810,1호기,2,1149,82,1126,123,320,1126,816,1,6,3조,2008-08-01,저녁,NV
446,2008-08-01:22:21:58,0,GL-D36-TM,T7,40.35,2518,28599,22810,3호기,1,1162,116,1124,98,320,1124,1033,0,6,1조,2008-08-01,저녁,GL
447,2008-08-01:22:22:43,1,GL-A32-TM,T0,40.35,3145,18691,37240,3호기,2,1161,100,1120,136,341,1120,894,1,6,1조,2008-08-01,저녁,GL
448,2008-08-01:22:21:01,1,GL-A36-TM,T7,40.35,2511,22669,36060,1호기,1,1178,90,1127,138,333,1127,745,1,6,3조,2008-08-01,저녁,GL
449,2008-08-01:22:22:39,1,PILAC-BT33,T5,40.0,2465,16911,26180,2호기,1,1165,112,1122,135,351,1122,910,1,6,2조,2008-08-01,저녁,PILAC
450,2008-08-01:22:22:14,1,PILAC-BT33,T5,40.0,1800,18878,21340,2호기,2,1170,105,1117,135,344,1117,906,1,6,1조,2008-08-01,저녁,PILAC
451,2008-08-01:22:23:12,1,PILAC-BT33,T5,50.45,1800,24871,35460,1호기,2,1169,111,1129,122,334,1129,891,1,6,1조,2008-08-01,저녁,PILAC
452,2008-08-01:22:24:07,1,GL-D36-TM,T7,40.35,2518,28599,22810,3호기,1,1151,100,1128,128,339,1128,816,1,6,2조,2008-08-01,저녁,GL
453,2008-08-01:22:24:14,0,NV-D36-TM,T7,40.35,2302,25536,18620,3호기,2,1161,105,1125,122,340,1125,820,1,5,1조,2008-08-01,저녁,NV
454,2008-08-01:22:24:55,1,PILAC-BT33,T5,50.06,2480,10948,10670,1호기,1,1169,94,1127,160,362,1127,897,1,6,3조,2008-08-01,저녁,PILAC
455,2008-08-01:22:25:33,1,PILAC-BT33,T5,50.06,2480,10948,10670,2호기,1,1164,149,1123,98,352,1123,888,1,6,1조,2008-08-01,저녁,PILAC
456,2008-08-01:22:25:51,1,PILAC-BT33,T5,60.58,2305,12224,26800,2호기,2,1166,94,1121,156,355,1121,891,1,6,2조,2008-08-01,저녁,PILAC
457,2008-08-01:23:30:27,1,BV-AH32-TM,T0,50.41,3065,12334,14960,1호기,1,1174,129,1137,113,354,1137,880,1,6,2조,2008-08-01,저녁,BV
458,2008-08-01:23:30:37,1,NV-D32-TM,T0,40.34,2043,28904,37400,3호기,1,1135,106,1121,126,351,1121,887,1,6,4조,2008-08-01,저녁,NV
459,2008-08-01:23:30:33,1,NV-D32-TM,T0,40.34,2043,28904,37400,3호기,2,1158,106,1124,124,351,1124,891,1,6,2조,2008-08-01,저녁,NV
460,2008-08-01:23:31:55,1,PILAC-BT33,T5,40.35,2531,21641,34700,1호기,2,1148,97,1125,157,362,1125,908,1,6,3조,2008-08-01,저녁,PILAC
461,2008-08-01:23:31:38,1,PILAC-BT33,T5,50.45,1800,22178,31620,2호기,1,1158,156,1122,96,355,1122,901,1,6,4조,2008-08-01,저녁,PILAC
462,2008-08-01:23:31:00,1,PILAC-BT33,T5,50.0,2610,13158,13480,2호기,2,1164,120,1122,119,360,1122,901,1,6,4조,2008-08-01,저녁,PILAC
463,2008-08-01:23:32:13,1,PILAC-BT33,T5,50.0,2610,13070,13390,1호기,1,1152,158,1134,78,364,1134,900,1,6,2조,2008-08-01,저녁,PILAC
464,2008-08-01:23:32:21,1,NV-A32-TM,T0,40.35,2772,25978,45620,3호기,1,1120,109,1116,117,361,1116,894,1,6,4조,2008-08-01,저녁,NV
465,2008-08-01:23:32:45,1,PILAC-BT33,T5,50.45,1800,25937,36980,3호기,2,1151,112,1125,116,361,1125,894,1,6,4조,2008-08-01,저녁,PILAC
466,2008-08-01:23:33:38,1,PILAC-BT33,T5,50.06,2370,14838,13820,1호기,2,1153,134,1126,116,364,1126,897,1,6,3조,2008-08-01,저녁,PILAC
467,2008-08-01:23:33:56,1,PILAC-BT33,T5,55.02,3055,13429,17720,2호기,1,1150,133,1120,113,371,1120,892,1,6,1조,2008-08-01,저녁,PILAC
468,2008-08-01:23:33:19,0,PILAC-BT33,T5,55.02,3055,13429,17720,2호기,2,1151,136,1122,109,357,1122,892,0,6,3조,2008-08-01,저녁,PILAC
469,2008-08-01:23:34:47,1,PILAC-BT33,T5,55.02,3055,13429,17720,1호기,1,1144,165,1131,52,355,1131,896,1,6,1조,2008-08-01,저녁,PILAC
470,2008-08-01:23:34:25,1,BV-AH32-TM,T0,40.35,3080,18563,36220,3호기,1,1109,126,1116,80,362,1116,899,1,6,4조,2008-08-01,저녁,BV
471,2008-08-01:23:35:30,1,PILAC-BT33,T5,50.0,2610,17590,36040,3호기,2,1141,140,1127,84,363,1127,896,1,6,4조,2008-08-01,저녁,PILAC
472,2008-08-01:23:35:04,1,PILAC-BT33,T5,60.18,2480,13255,31060,1호기,2,1137,125,1123,120,372,1123,893,1,6,3조,2008-08-01,저녁,PILAC
473,2008-08-01:23:35:39,1,PILAC-BT33,T5,60.18,2480,13255,31060,2호기,1,1142,156,1120,85,370,1120,894,1,6,4조,2008-08-01,저녁,PILAC
474,2008-08-01:23:35:07,1,PILAC-BT33,T5,60.57,2065,12293,12070,2호기,2,1143,155,1122,87,371,1122,901,1,6,1조,2008-08-01,저녁,PILAC
475,2008-08-02:00:00:51,1,PILAC-BT33,T5,70.1,2280,15860,19900,1호기,1,1140,163,1125,69,366,1125,869,1,6,1조,2008-08-02,새벽,PILAC
476,2008-08-02:00:00:11,1,PILAC-BT33,T5,70.1,2150,15340,18150,3호기,1,1108,138,1117,78,362,1117,876,1,6,3조,2008-08-02,새벽,PILAC
477,2008-08-02:00:00:42,1,PILAC-BT33,T5,70.1,2150,13726,16240,1호기,2,1135,140,1123,93,369,1123,870,1,6,2조,2008-08-02,새벽,PILAC
478,2008-08-02:00:01:52,1,PILAC-BT33,T5,70.1,2150,13726,16240,2호기,1,1137,141,1121,74,376,1121,876,1,6,2조,2008-08-02,새벽,PILAC
479,2008-08-02:00:01:23,1,PILAC-BT33,T5,70.1,2280,15860,19900,3호기,2,1138,148,1126,80,375,1126,877,1,6,2조,2008-08-02,새벽,PILAC
480,2008-08-02:00:01:24,1,PILAC-BT33,T5,70.1,2280,15860,19900,1호기,1,1134,117,1123,75,376,1123,881,1,6,4조,2008-08-02,새벽,PILAC
481,2008-08-02:00:02:45,1,PILAC-BT33,T5,70.1,2280,15860,19900,1호기,2,1142,161,1128,66,366,1128,869,1,6,1조,2008-08-02,새벽,PILAC
482,2008-08-02:00:02:24,1,PILAC-BT33,T5,75.16,2280,15373,20680,2호기,1,1139,120,1123,65,372,1123,876,1,6,3조,2008-08-02,새벽,PILAC
483,2008-08-02:00:02:51,1,PILAC-BT33,T5,75.16,2280,15373,20680,3호기,1,1117,131,1119,77,364,1119,876,1,6,1조,2008-08-02,새벽,PILAC
484,2008-08-02:00:03:12,1,PILAC-BT33,T5,75.16,2280,15373,20680,3호기,2,1141,130,1128,76,379,1128,876,1,6,4조,2008-08-02,새벽,PILAC
485,2008-08-02:00:03:56,1,PILAC-BT33,T5,75.16,2280,15373,20680,1호기,1,1138,122,1125,66,377,1125,877,1,6,4조,2008-08-02,새벽,PILAC
486,2008-08-02:00:03:21,1,PILAC-BT33,T5,75.16,2280,15373,20680,1호기,2,1135,146,1126,77,365,1126,878,1,6,4조,2008-08-02,새벽,PILAC
487,2008-08-02:00:03:42,1,PILAC-BT33,T5,75.16,2280,15373,20680,2호기,1,1131,117,1125,56,362,1125,878,1,6,3조,2008-08-02,새벽,PILAC
488,2008-08-02:00:04:08,1,PILAC-BT33,T5,75.16,2280,15373,20680,3호기,1,1119,121,1119,70,366,1119,878,1,6,2조,2008-08-02,새벽,PILAC
489,2008-08-02:00:04:24,1,PILAC-BT33,T5,80.83,2895,9788,17980,2호기,2,1139,132,1124,80,382,1124,877,1,6,1조,2008-08-02,새벽,PILAC
490,2008-08-02:00:04:44,1,PILAC-BT33,T5,75.33,1840,10514,11440,3호기,2,1139,129,1125,65,371,1125,877,1,6,1조,2008-08-02,새벽,PILAC
491,2008-08-02:00:05:23,1,PILAC-BT33,T5,75.33,1840,10514,11440,2호기,2,1140,139,1123,72,390,1123,876,1,6,4조,2008-08-02,새벽,PILAC
492,2008-08-02:00:05:53,0,PILAC-BT33,T5,80.82,2085,13176,17430,1호기,2,1138,131,1128,55,364,1128,876,0,6,3조,2008-08-02,새벽,PILAC
493,2008-08-02:00:05:49,1,PILAC-BT33,T5,80.82,2085,12919,17090,1호기,1,1132,78,1122,71,376,1122,842,1,6,4조,2008-08-02,새벽,PILAC
494,2008-08-02:01:10:40,1,PILAC-BT33,T5,80.82,2085,12919,17090,2호기,1,1133,89,1122,59,378,1122,0,1,6,2조,2008-08-02,새벽,PILAC
495,2008-08-02:01:10:36,1,PILAC-BT33,T5,80.82,2085,13176,17430,1호기,2,1130,92,1124,61,362,1124,0,1,6,3조,2008-08-02,새벽,PILAC
496,2008-08-02:01:10:23,1,NV-D32-TM,T0,40.35,2497,23592,37320,3호기,1,1119,109,1117,76,383,1117,0,1,6,3조,2008-08-02,새벽,NV
497,2008-08-02:02:20:10,1,GL-D36-TM,T7,40.35,3121,22962,22700,3호기,2,1140,90,1119,124,342,1119,816,1,6,2조,2008-08-02,새벽,GL
498,2008-08-02:01:15:42,1,BV-AH32-TM,T0,50.41,3065,13282,16110,1호기,1,1133,70,1118,108,342,1118,889,1,6,1조,2008-08-02,새벽,BV
499,2008-08-02:02:20:47,1,GL-A36-TM,T7,40.35,3229,15692,32100,2호기,1,1135,100,1113,109,342,1113,815,1,6,3조,2008-08-02,새벽,GL
500,2008-08-02:02:22:36,0,BV-AH36-TM,T7,40.35,3059,15821,30660,2호기,2,1135,93,1119,134,342,1119,812,1,5,4조,2008-08-02,새벽,BV
501,2008-08-02:02:22:35,1,NV-D36-TM,T7,40.35,2880,18679,17040,3호기,1,1114,85,1117,135,342,1117,815,1,6,3조,2008-08-02,새벽,NV
502,2008-08-02:02:21:32,1,NV-A36-TM,T7,40.35,2660,20165,16990,3호기,2,1143,94,1122,110,342,1122,816,1,6,3조,2008-08-02,새벽,NV
503,2008-08-02:02:21:53,1,NV-A36-TM,T7,40.35,2343,20157,29920,1호기,1,1123,78,1118,112,342,1118,818,1,6,3조,2008-08-02,새벽,NV
504,2008-08-02:02:22:38,1,GL-D36-TM,T7,40.35,2306,20714,30260,1호기,2,1130,105,1120,115,342,1120,812,1,6,3조,2008-08-02,새벽,GL
505,2008-08-02:02:24:43,0,A131-DH36TM,T7,70.7,3570,9175,18180,2호기,2,1128,92,1121,145,342,1121,859,0,6,3조,2008-08-02,새벽,A131
506,2008-08-02:02:24:54,1,BV-EH36-TM,T8,73.71,2725,11041,17410,2호기,1,1119,70,1118,130,342,1118,812,1,6,4조,2008-08-02,새벽,BV
507,2008-08-02:02:24:05,1,BV-EH36-TM,T8,73.71,2725,11041,17410,3호기,1,1124,84,1121,129,342,1121,819,1,6,4조,2008-08-02,새벽,BV
508,2008-08-02:02:25:03,1,NV-D36-TM,T7,54.41,2725,11031,12840,3호기,2,1139,82,1127,130,342,1127,814,1,6,2조,2008-08-02,새벽,NV
509,2008-08-02:02:25:53,1,AB/EH36-TM,T8,76.91,2560,7893,12200,1호기,1,1111,77,1118,144,360,1118,837,1,6,1조,2008-08-02,새벽,AB/EH36
510,2008-08-02:02:25:12,1,AB/EH36-TM,T8,76.91,2560,7893,12200,1호기,2,1113,71,1118,143,360,1118,842,1,6,1조,2008-08-02,새벽,AB/EH36
511,2008-08-02:02:25:51,1,AB/EH36-TM,T8,76.91,2560,7893,12200,2호기,1,1103,68,1122,143,360,1122,848,1,6,1조,2008-08-02,새벽,AB/EH36
512,2008-08-02:03:30:46,1,BV-AH36-TL,T7,73.73,1840,10019,10670,2호기,2,1144,102,1123,139,342,1123,814,1,6,4조,2008-08-02,새벽,BV
513,2008-08-02:03:31:22,1,COMMON,T7,75.74,1840,16672,36480,3호기,1,1124,77,1127,143,342,1127,811,1,6,1조,2008-08-02,새벽,COMMON
514,2008-08-02:03:31:18,0,BV-AH36-TL,T7,75.74,1840,9753,10670,3호기,2,1123,55,1135,155,342,1135,811,0,6,3조,2008-08-02,새벽,BV
515,2008-08-02:03:31:28,1,BV-AH36-TL,T7,75.74,1840,9753,10670,1호기,1,1114,72,1131,155,342,1131,815,1,6,2조,2008-08-02,새벽,BV
516,2008-08-02:03:32:35,1,NV-A,C0,15.08,3333,51475,20310,1호기,2,1122,64,1123,167,342,1123,861,1,10,2조,2008-08-02,새벽,NV
517,2008-08-02:03:32:45,1,NV-A,C0,16.09,3408,50690,43640,3호기,1,1119,75,1133,163,342,1133,867,1,10,1조,2008-08-02,새벽,NV
518,2008-08-02:03:33:56,1,LR-A,C0,13.06,3499,53300,57360,2호기,1,1118,62,1129,174,342,1129,840,1,10,1조,2008-08-02,새벽,LR
519,2008-08-02:03:33:46,1,NV-A,C0,13.06,3445,53682,18960,2호기,2,1147,73,1129,164,342,1129,723,1,10,3조,2008-08-02,새벽,NV
520,2008-08-02:03:34:03,1,NV-A,C0,13.06,3295,52130,17610,3호기,2,1177,139,1139,107,342,1139,842,1,10,4조,2008-08-02,새벽,NV
521,2008-08-02:03:34:39,1,LR-A,C0,13.36,3565,54883,20520,1호기,2,1131,56,1136,178,342,1136,860,1,10,3조,2008-08-02,새벽,LR
522,2008-08-02:03:35:16,1,LR-A,C0,13.06,3270,53930,18080,1호기,1,1178,137,1144,114,342,1144,853,1,10,1조,2008-08-02,새벽,LR
523,2008-08-02:05:54:49,1,LR-A,C0,13.06,3430,52438,36880,2호기,1,1171,125,1133,223,342,1133,909,1,10,3조,2008-08-02,새벽,LR
524,2008-08-02:05:54:05,1,LR-A,C0,13.06,3405,54170,56730,2호기,2,1141,59,1130,294,342,1130,875,1,10,1조,2008-08-02,새벽,LR
525,2008-08-02:05:55:41,1,NV-A,C0,13.36,3573,51718,38760,3호기,1,1169,156,1134,210,342,1134,872,1,10,2조,2008-08-02,새벽,NV
526,2008-08-02:05:55:17,1,BV-A,C0,13.36,3276,43542,44880,3호기,2,1163,133,1135,231,360,1135,879,1,10,2조,2008-08-02,새벽,BV
527,2008-08-02:05:55:51,1,LR-A,C0,13.06,3266,41901,14030,1호기,1,1166,121,1136,238,360,1136,902,1,10,4조,2008-08-02,새벽,LR
528,2008-08-02:06:60:18,1,KR-A,C0,12.55,3391,43403,14500,1호기,2,1165,115,1139,242,360,1139,904,1,10,1조,2008-08-02,오전,KR
529,2008-08-02:06:60:22,1,NV-A,C0,12.05,3382,48388,15480,2호기,1,1159,141,1136,212,342,1136,893,1,10,1조,2008-08-02,오전,NV
530,2008-08-02:06:60:18,1,NV-A,C0,12.05,3375,52090,33260,2호기,2,1167,147,1137,218,342,1137,887,1,10,1조,2008-08-02,오전,NV
531,2008-08-02:06:60:22,1,NV-A,C0,12.56,3210,42686,13510,3호기,1,1160,153,1138,212,342,1138,906,1,10,4조,2008-08-02,오전,NV
532,2008-08-02:06:61:23,1,AB/A,C0,12.56,3036,43729,39270,3호기,2,1160,115,1139,246,342,1139,932,1,10,1조,2008-08-02,오전,AB/A
533,2008-08-02:06:61:04,1,LR-A,C0,12.56,3151,43324,13460,1호기,1,1157,133,1140,230,342,1140,929,1,10,3조,2008-08-02,오전,LR
534,2008-08-02:06:61:21,1,LR-A,C0,12.55,3151,43359,13460,1호기,2,1161,128,1144,230,342,1144,935,1,10,2조,2008-08-02,오전,LR
535,2008-08-02:06:61:39,0,NV-A,C0,12.05,3161,43778,26180,2호기,1,1154,148,1143,211,342,1143,924,0,10,3조,2008-08-02,오전,NV
536,2008-08-02:06:62:07,1,KR-A,C0,12.56,3101,43663,13350,2호기,2,1158,134,1143,229,342,1143,931,1,10,1조,2008-08-02,오전,KR
537,2008-08-02:06:62:46,1,NV-A,C0,13.06,2895,52695,46920,3호기,1,1154,158,1144,202,342,1144,926,1,10,3조,2008-08-02,오전,NV
538,2008-08-02:06:62:08,1,LR-A,C0,13.06,2915,52501,15690,3호기,2,1157,158,1147,201,342,1147,924,1,10,4조,2008-08-02,오전,LR
539,2008-08-02:06:62:32,1,GL-A,C0,13.06,2895,51819,15380,1호기,1,1157,137,1146,226,342,1146,924,1,10,1조,2008-08-02,오전,GL
540,2008-08-02:06:63:01,1,NV-A,C0,13.06,2825,52206,15120,1호기,2,1154,136,1147,224,342,1147,924,1,10,4조,2008-08-02,오전,NV
541,2008-08-02:06:63:28,1,NV-A,C0,13.06,2895,52156,15480,2호기,1,1149,148,1143,223,342,1143,923,1,10,2조,2008-08-02,오전,NV
542,2008-08-02:06:63:18,1,NK-KA,C0,13.06,2930,52765,47550,2호기,2,1155,140,1145,214,342,1145,927,1,10,4조,2008-08-02,오전,NK
543,2008-08-02:06:63:44,1,LR-A,C0,13.06,2878,51075,15070,3호기,1,1156,168,1145,194,342,1145,934,1,10,3조,2008-08-02,오전,LR
544,2008-08-02:06:64:58,1,LR-A,C0,13.06,2912,48368,14440,3호기,2,1158,194,1147,179,342,1147,909,1,10,4조,2008-08-02,오전,LR
545,2008-08-02:06:64:04,1,LR-A,C0,15.38,3125,51790,19540,1호기,1,1156,157,1148,215,342,1148,942,1,10,2조,2008-08-02,오전,LR
546,2008-08-02:06:64:18,1,KS-SM490B,C0,16.0,2930,40950,75350,2호기,2,1151,165,1144,190,342,1144,960,1,10,2조,2008-08-02,오전,KS
547,2008-08-02:06:65:20,1,LR-A,C0,18.41,3127,46226,41780,1호기,2,1155,158,1151,205,342,1151,959,1,10,4조,2008-08-02,오전,LR
548,2008-08-02:06:65:46,1,LR-A,C0,17.1,2804,51488,58140,2호기,1,1142,308,1147,69,342,1147,957,1,10,1조,2008-08-02,오전,LR
549,2008-08-02:06:65:11,1,NV-A,C0,18.11,3122,47067,41780,3호기,1,1138,312,1148,62,342,1148,957,1,10,2조,2008-08-02,오전,NV
550,2008-08-02:06:65:42,1,NV-A,C0,18.11,3133,48877,21770,3호기,2,1138,239,1150,62,342,1150,956,1,10,4조,2008-08-02,오전,NV
551,2008-08-02:07:70:26,0,NV-A,C0,19.13,3133,49693,46760,3호기,1,1142,226,1153,55,342,1153,993,0,10,2조,2008-08-02,오전,NV
552,2008-08-02:07:70:38,1,AB/A,C0,19.63,3102,44894,64380,3호기,2,1147,249,1154,53,360,1154,997,1,10,4조,2008-08-02,오전,AB/A
553,2008-08-02:07:70:36,1,AB/A,C0,19.63,3102,44894,64380,1호기,2,1149,143,1148,190,360,1148,949,1,10,3조,2008-08-02,오전,AB/A
554,2008-08-02:07:70:22,1,KS-SM400A,C0,40.0,2463,23170,35840,1호기,1,1158,129,1148,194,342,1148,995,1,6,2조,2008-08-02,오전,KS
555,2008-08-02:07:71:13,0,KS-SM400A,C0,40.16,2464,26416,41040,2호기,1,1135,243,1152,66,342,1152,1071,1,6,3조,2008-08-02,오전,KS
556,2008-08-02:07:71:31,0,JS-SS400,C0,30.13,2466,31272,91200,2호기,2,1137,217,1149,80,342,1149,1035,1,8,2조,2008-08-02,오전,JS
557,2008-08-02:07:71:13,0,JS-SS400,C0,30.13,2466,31272,91200,1호기,1,1134,243,1148,72,342,1148,1035,1,8,2조,2008-08-02,오전,JS
558,2008-08-02:07:71:12,0,JS-SS400,C0,30.13,2466,31272,91200,1호기,2,1137,234,1150,69,342,1150,1030,1,8,3조,2008-08-02,오전,JS
559,2008-08-02:07:72:16,0,JS-SS400,C0,30.13,2463,22916,40050,2호기,2,1136,221,1153,74,342,1153,1046,1,8,1조,2008-08-02,오전,JS
560,2008-08-02:07:71:03,0,KS-SS400,C0,25.12,2531,40072,20000,2호기,1,1151,229,1158,57,342,1158,1033,1,8,2조,2008-08-02,오전,KS
561,2008-08-02:07:72:44,0,KR-A,C0,22.66,2513,46374,82920,3호기,1,1163,229,1158,60,342,1158,1028,1,8,4조,2008-08-02,오전,KR
562,2008-08-02:07:72:09,0,KR-A,C0,21.15,2655,42785,75440,3호기,2,1153,251,1156,71,342,1156,1025,1,8,1조,2008-08-02,오전,KR
563,2008-08-02:07:73:29,1,KR-A,C0,22.66,2513,46374,82920,1호기,1,1164,245,1158,60,342,1158,997,1,8,3조,2008-08-02,오전,KR
564,2008-08-02:07:73:47,0,KR-A,C0,22.66,2783,46379,91840,3호기,1,1172,219,1162,51,342,1162,1001,1,8,1조,2008-08-02,오전,KR
565,2008-08-02:07:73:14,0,NV-A,C0,21.15,2648,47516,62670,1호기,2,1156,216,1156,74,342,1156,999,0,8,4조,2008-08-02,오전,NV
566,2008-08-02:07:73:44,0,KR-A,C0,21.15,2732,44908,81480,2호기,1,1166,229,1162,59,342,1162,999,1,7,4조,2008-08-02,오전,KR
567,2008-08-02:07:74:13,0,LR-A,C0,19.13,2713,48722,59550,3호기,2,1166,231,1160,69,342,1160,1004,1,10,1조,2008-08-02,오전,LR
568,2008-08-02:07:74:39,0,CCS-B,C0,19.13,2531,40728,30960,2호기,2,1157,206,1156,77,342,1156,1016,1,10,4조,2008-08-02,오전,CCS
569,2008-08-02:07:74:31,0,KS-SM490A,C0,20.1,2532,45155,54120,1호기,1,1182,241,1171,37,342,1171,1020,1,8,3조,2008-08-02,오전,KS
570,2008-08-02:07:74:32,0,JS-SM490A,C0,19.1,2469,34063,37830,1호기,2,1165,193,1161,72,342,1161,1026,1,10,1조,2008-08-02,오전,JS
571,2008-08-02:07:75:54,0,BV-AH32,C0,19.63,2451,43395,49170,2호기,1,1174,75,1163,52,360,1163,1024,1,10,2조,2008-08-02,오전,BV
572,2008-08-02:07:75:32,0,BV-AH32,C0,19.63,2452,43377,49170,2호기,2,1171,186,1159,79,360,1159,1021,1,10,1조,2008-08-02,오전,BV
573,2008-08-02:07:75:02,0,JS-SS400,C0,19.1,2702,50922,61890,3호기,1,1179,212,1163,53,342,1163,1006,1,10,3조,2008-08-02,오전,JS
574,2008-08-02:07:75:16,0,LR-B,C0,20.14,2701,40512,51900,3호기,2,1180,182,1163,68,342,1163,1019,1,8,2조,2008-08-02,오전,LR
575,2008-08-02:07:75:14,0,KS-SM490A,C0,20.1,2472,51122,59820,1호기,1,1184,199,1169,44,360,1169,1025,1,8,2조,2008-08-02,오전,KS
576,2008-08-02:08:80:45,1,BV-B,C0,20.44,2411,42987,49890,1호기,2,1171,185,1162,67,342,1162,990,1,8,3조,2008-08-02,오전,BV
577,2008-08-02:08:80:05,0,LR-A,C0,18.62,2745,54258,108850,3호기,1,1178,69,1165,57,342,1165,1005,1,10,1조,2008-08-02,오전,LR
578,2008-08-02:08:80:24,1,LR-A,C0,18.11,2595,54917,40520,2호기,1,1176,88,1163,52,342,1163,987,1,10,2조,2008-08-02,오전,LR
579,2008-08-02:08:80:38,1,JS-SM400B,C0,18.1,2520,42675,61120,2호기,2,1171,63,1160,76,342,1160,958,1,10,3조,2008-08-02,오전,JS
580,2008-08-02:08:81:50,0,JS-SM400B,C0,18.1,2520,42675,61120,3호기,2,1180,67,1163,68,342,1163,1027,1,10,3조,2008-08-02,오전,JS
581,2008-08-02:08:81:00,0,JS-SM400B,C0,18.1,2520,42675,61120,1호기,1,1175,75,1165,42,342,1165,1031,1,10,3조,2008-08-02,오전,JS
582,2008-08-02:08:81:53,0,LR-A,C0,15.08,2523,50959,30440,1호기,2,1171,59,1163,70,342,1163,1002,1,10,3조,2008-08-02,오전,LR
583,2008-08-02:08:81:21,1,NV-A,C0,15.08,2523,50089,29920,2호기,1,1165,74,1160,55,342,1160,962,1,10,3조,2008-08-02,오전,NV
584,2008-08-02:08:81:33,1,JS-SM490YB,C0,16.09,2512,37380,35580,2호기,2,1182,82,1162,64,342,1162,973,1,10,2조,2008-08-02,오전,JS
585,2008-08-02:08:82:08,1,KR-A,C0,15.08,2520,54674,16310,3호기,1,1180,78,1162,53,342,1162,998,1,10,1조,2008-08-02,오전,KR
586,2008-08-02:08:82:51,1,NV-A,C0,16.6,2675,54392,18960,3호기,2,1182,74,1164,55,342,1164,982,1,10,3조,2008-08-02,오전,NV
587,2008-08-02:08:82:11,1,LR-A,C0,16.39,2405,42303,13090,1호기,1,1168,64,1161,52,342,1161,984,1,10,1조,2008-08-02,오전,LR
588,2008-08-02:08:83:15,1,LR-A,C0,15.89,2562,46342,14810,1호기,2,1174,61,1165,73,342,1165,978,1,10,4조,2008-08-02,오전,LR
589,2008-08-02:08:83:39,1,LR-A,C0,16.09,2655,52841,35440,2호기,1,1169,77,1159,58,342,1159,968,1,10,3조,2008-08-02,오전,LR
590,2008-08-02:08:83:02,1,BV-AH32,C0,15.08,2611,43709,40530,2호기,2,1177,77,1161,71,342,1161,1000,1,10,1조,2008-08-02,오전,BV
591,2008-08-02:08:84:00,0,NV-A32,C0,16.6,2481,42808,13840,3호기,1,1169,65,1158,67,342,1158,1004,0,10,4조,2008-08-02,오전,NV
592,2008-08-02:08:84:44,0,LR-A,C0,14.07,2610,54254,62560,3호기,2,1169,73,1162,61,342,1162,955,0,10,4조,2008-08-02,오전,LR
593,2008-08-02:08:84:18,1,NK-KA,C0,14.07,2555,52835,44730,1호기,1,1165,61,1158,57,342,1158,960,1,10,4조,2008-08-02,오전,NK
594,2008-08-02:08:84:54,1,NV-A,C0,14.07,2558,49658,28060,1호기,2,1170,65,1161,70,342,1161,964,1,10,2조,2008-08-02,오전,NV
595,2008-08-02:08:85:13,1,NV-A,C0,14.58,2615,54862,32840,2호기,1,1168,58,1158,58,342,1158,959,1,10,4조,2008-08-02,오전,NV
596,2008-08-02:08:85:41,1,NK-KA,C0,13.06,2750,54906,61920,2호기,2,1167,66,1158,84,342,1158,933,1,10,2조,2008-08-02,오전,NK
597,2008-08-02:08:85:54,1,GL-A,C0,13.06,2695,51901,14340,3호기,1,1165,70,1157,62,342,1157,958,1,10,1조,2008-08-02,오전,GL
598,2008-08-02:08:85:43,1,NV-A,C0,13.57,2795,54444,32420,3호기,2,1168,72,1161,60,342,1161,941,1,10,1조,2008-08-02,오전,NV
599,2008-08-02:09:90:04,1,LR-A,C0,18.41,2200,43624,41610,1호기,1,1160,49,1154,61,342,1154,991,1,10,4조,2008-08-02,오전,LR
600,2008-08-02:09:90:13,1,BV-B,C0,18.4,2200,43176,41160,1호기,2,1165,60,1158,70,342,1158,987,1,10,4조,2008-08-02,오전,BV
601,2008-08-02:09:90:06,1,LR-A,C0,18.61,2200,43497,27960,2호기,1,1150,57,1160,55,342,1160,993,1,10,1조,2008-08-02,오전,LR
602,2008-08-02:09:92:56,1,A283-C,C0,18.15,2281,40770,53000,2호기,2,1163,73,1155,86,342,1155,981,1,10,2조,2008-08-02,오전,A283
603,2008-08-02:09:92:41,0,SA283-C,C0,20.18,2281,43144,77950,3호기,1,1159,66,1155,80,342,1155,1002,1,8,4조,2008-08-02,오전,SA283
604,2008-08-02:09:92:29,0,SA283-C,C0,20.18,2240,39679,84480,3호기,2,1170,78,1159,59,342,1159,1044,1,8,3조,2008-08-02,오전,SA283
605,2008-08-02:09:93:01,0,LR-A,C0,20.43,2245,39828,14340,1호기,1,1157,55,1154,76,342,1154,1007,1,8,1조,2008-08-02,오전,LR
606,2008-08-02:09:93:10,1,LR-A,C0,20.13,2200,39897,13870,1호기,2,1158,63,1156,87,342,1156,975,1,8,2조,2008-08-02,오전,LR
607,2008-08-02:09:93:08,1,SA283-C,C0,20.18,2200,38019,66250,2호기,1,1151,63,1157,78,342,1157,991,1,8,2조,2008-08-02,오전,SA283
608,2008-08-02:09:93:58,0,SA283-C,C0,20.18,2200,38019,66250,2호기,2,1154,78,1154,87,342,1154,979,0,8,4조,2008-08-02,오전,SA283
609,2008-08-02:09:93:18,1,SA283-C,C0,20.18,2200,40687,85080,3호기,1,1162,59,1162,68,398,1162,982,1,8,4조,2008-08-02,오전,SA283
610,2008-08-02:09:94:46,0,KS-SM490A,C0,20.1,1929,34136,20780,3호기,2,1162,78,1158,73,360,1158,1018,1,8,4조,2008-08-02,오전,KS
611,2008-08-02:09:94:36,0,KR-A,C0,22.66,2339,34345,42870,1호기,1,1150,57,1150,85,342,1150,1010,1,8,1조,2008-08-02,오전,KR
612,2008-08-02:09:94:19,0,KR-A,C0,22.66,2339,34345,42870,1호기,2,1157,60,1156,85,342,1156,1018,1,8,4조,2008-08-02,오전,KR
613,2008-08-02:09:94:08,0,SA283-C,C0,20.18,2379,34601,65200,2호기,1,1171,78,1158,66,342,1158,1011,1,8,2조,2008-08-02,오전,SA283
614,2008-08-02:09:94:00,0,SA283-C,C0,20.18,2200,38019,66250,2호기,2,1171,72,1166,69,342,1166,1010,1,8,4조,2008-08-02,오전,SA283
615,2008-08-02:09:94:51,0,SA283-C,C0,20.18,2200,38019,66250,3호기,1,1182,73,1164,67,342,1164,1004,1,8,1조,2008-08-02,오전,SA283
616,2008-08-02:09:95:40,0,SA283-C,C0,20.18,2200,37875,79200,3호기,2,1176,72,1162,68,342,1162,1013,1,7,2조,2008-08-02,오전,SA283
617,2008-08-02:09:95:30,1,SA283-C,C0,20.18,2200,38019,66250,1호기,1,1174,62,1165,65,342,1165,999,1,8,2조,2008-08-02,오전,SA283
618,2008-08-02:09:95:20,1,SA283-C,C0,20.18,2200,38019,66250,1호기,2,1172,61,1165,77,342,1165,999,1,8,1조,2008-08-02,오전,SA283
619,2008-08-02:09:95:19,0,A283-C,C0,26.24,2583,31256,83150,2호기,1,1165,73,1160,63,369,1160,1026,1,8,3조,2008-08-02,오전,A283
620,2008-08-02:09:95:13,0,A283-C,C0,26.24,2583,31256,83150,2호기,2,1177,69,1177,65,395,1177,1036,1,8,4조,2008-08-02,오전,A283
621,2008-08-02:10:00:16,0,LR-AH32,C0,17.1,2723,51159,37400,3호기,1,1179,81,1168,63,395,1168,950,0,10,2조,2008-08-02,오전,LR
622,2008-08-02:10:00:37,1,NV-A32,C0,16.09,2593,49005,48150,3호기,2,1177,76,1166,64,361,1166,977,1,10,2조,2008-08-02,오전,NV
623,2008-08-02:10:00:18,0,NV-A32,C0,16.09,2590,40289,26360,1호기,1,1193,66,1181,62,373,1181,964,1,10,1조,2008-08-02,오전,NV
624,2008-08-02:10:00:25,0,NV-A32,C0,16.09,2590,40442,26460,1호기,2,1198,63,1180,75,385,1180,944,1,10,1조,2008-08-02,오전,NV
625,2008-08-02:10:01:47,1,NV-A32,C0,15.08,2485,54560,16050,2호기,1,1117,58,1156,75,376,1156,927,1,10,1조,2008-08-02,오전,NV
626,2008-08-02:10:01:20,0,NK-KA32,C0,15.08,2695,53568,17090,2호기,2,1202,93,1177,41,377,1177,962,1,10,1조,2008-08-02,오전,NK
627,2008-08-02:10:01:49,1,GL-A32,C0,15.08,2770,54649,71680,3호기,1,1175,93,1162,46,250,1162,955,1,10,4조,2008-08-02,오전,GL
628,2008-08-02:10:01:16,1,NV-A,C0,14.07,2565,54111,15330,3호기,2,1156,50,1168,76,371,1168,947,1,10,1조,2008-08-02,오전,NV
629,2008-08-02:10:02:54,1,LR-A,C0,13.06,2695,54543,30140,1호기,1,1188,98,1170,41,246,1170,951,1,10,4조,2008-08-02,오전,LR
630,2008-08-02:10:02:14,1,NV-A32,C0,12.56,2693,54195,14390,1호기,2,1173,63,1169,76,373,1169,959,1,10,3조,2008-08-02,오전,NV
631,2008-08-02:10:02:27,1,GL-A32,C0,12.05,2732,48098,37290,2호기,1,1136,82,1149,54,279,1149,961,1,10,3조,2008-08-02,오전,GL
632,2008-08-02:10:02:57,1,LR-A,C0,12.05,2557,32331,15640,2호기,2,1192,94,1167,44,277,1167,971,1,10,1조,2008-08-02,오전,LR
633,2008-08-02:10:03:54,1,NV-A,C0,12.05,2298,35974,7820,3호기,1,1175,84,1163,58,272,1163,984,1,10,4조,2008-08-02,오전,NV
634,2008-08-02:10:03:13,1,LR-AH32,C0,16.09,2381,43526,13090,3호기,2,1167,79,1162,59,261,1162,1000,1,10,4조,2008-08-02,오전,LR
635,2008-08-02:10:03:27,0,SA283-C,C0,20.18,2379,35291,66500,1호기,1,1173,89,1159,52,246,1159,1001,1,8,3조,2008-08-02,오전,SA283
636,2008-08-02:10:03:29,0,NV-A32,C0,19.12,2331,42759,14960,1호기,2,1184,85,1168,54,256,1168,949,1,9,4조,2008-08-02,오전,NV
637,2008-08-02:10:04:32,1,JS-SM490YA,C0,19.1,2040,38774,35580,2호기,1,1146,81,1151,61,261,1151,1000,1,10,2조,2008-08-02,오전,JS
638,2008-08-02:10:04:28,0,JS-SM490A,C0,30.13,2288,30730,33260,2호기,2,1150,87,1154,54,259,1154,1010,1,8,1조,2008-08-02,오전,JS
639,2008-08-02:10:04:00,1,V42JBN3,C3,32.06,2200,30595,50820,3호기,1,1141,73,1153,65,258,1153,921,1,8,2조,2008-08-02,오전,V42JBN3
640,2008-08-02:10:04:27,0,JS-SM400A,C0,100.34,2315,9547,17410,3호기,2,1144,85,1150,52,269,1150,1050,1,6,3조,2008-08-02,오전,JS
641,2008-08-02:10:04:06,0,JS-SM400A,C0,100.34,2315,9547,17410,1호기,1,1130,78,1137,61,268,1137,1037,1,6,4조,2008-08-02,오전,JS
642,2008-08-02:10:05:55,1,NV-A32,C0,19.13,2733,49754,20420,1호기,2,1164,72,1158,60,255,1158,961,1,10,2조,2008-08-02,오전,NV
643,2008-08-02:10:05:27,1,NV-A32,C0,16.09,2690,54743,18600,2호기,1,1169,69,1160,64,257,1160,977,1,10,4조,2008-08-02,오전,NV
644,2008-08-02:10:05:41,1,BV-AH32,C0,16.09,2471,43959,13720,2호기,2,1167,81,1158,55,259,1158,995,1,10,3조,2008-08-02,오전,BV
645,2008-08-02:11:10:15,1,NK-KA32,C0,15.08,2568,51612,15690,3호기,1,1162,70,1158,63,246,1158,965,1,10,1조,2008-08-02,오전,NK
646,2008-08-02:11:10:48,1,GL-A32,C0,13.06,2783,49699,42540,3호기,2,1174,73,1164,64,258,1164,948,1,10,2조,2008-08-02,오전,GL
647,2008-08-02:11:10:20,1,NV-A32,C0,13.06,2730,52343,29300,1호기,1,1148,71,1147,66,244,1147,941,1,10,3조,2008-08-02,오전,NV
648,2008-08-02:11:10:40,1,LR-AH32,C0,12.05,2680,53883,27320,1호기,2,1169,69,1161,66,258,1161,941,1,10,4조,2008-08-02,오전,LR
649,2008-08-02:11:11:21,0,AB/AH32,C0,12.56,2690,53690,42720,2호기,1,1170,78,1161,57,242,1161,909,1,9,4조,2008-08-02,오전,AB/AH32
650,2008-08-02:11:11:44,1,BV-AH32,C0,12.05,2750,54511,42540,2호기,2,1171,71,1162,67,260,1162,936,1,10,4조,2008-08-02,오전,BV
651,2008-08-02:11:11:11,1,AB/AH32,C0,12.56,2693,53630,42720,3호기,1,1166,67,1157,69,257,1157,938,1,10,2조,2008-08-02,오전,AB/AH32
652,2008-08-02:11:11:33,1,AB/AH32,C0,12.56,2693,53819,42870,3호기,2,1183,78,1166,58,257,1166,936,1,10,4조,2008-08-02,오전,AB/AH32
653,2008-08-02:11:12:03,1,KR-AH32,C0,13.06,2685,53620,29520,1호기,1,1164,69,1157,69,238,1157,942,1,10,4조,2008-08-02,오전,KR
654,2008-08-02:11:12:30,1,NV-A32,C0,13.06,2790,54853,15690,1호기,2,1157,69,1155,68,256,1155,937,1,10,2조,2008-08-02,오전,NV
655,2008-08-02:11:12:59,1,NK-KA32,C0,14.07,2583,51351,14650,2호기,1,1169,79,1164,70,254,1164,950,1,10,1조,2008-08-02,오전,NK
656,2008-08-02:11:12:33,1,NV-A32,C0,14.58,2513,50587,14550,2호기,2,1174,45,1168,68,262,1168,996,1,10,4조,2008-08-02,오전,NV
657,2008-08-02:11:12:31,0,KS-SM490A,C0,30.13,2527,26702,31920,3호기,1,1156,51,1155,69,257,1155,1016,1,8,4조,2008-08-02,오전,KS
658,2008-08-02:11:13:34,0,A283-C,C0,26.24,2516,29965,62120,3호기,2,1172,61,1164,57,254,1164,1034,1,8,3조,2008-08-02,오전,A283
659,2008-08-02:11:13:16,0,A283-C,C0,26.24,2517,31959,66280,1호기,1,1162,79,1156,69,245,1156,1019,1,8,2조,2008-08-02,오전,A283
660,2008-08-02:11:13:09,0,NV-A,C0,25.19,2675,38112,40320,1호기,2,1145,46,1149,68,257,1149,1005,1,8,3조,2008-08-02,오전,NV
661,2008-08-02:11:13:04,0,LR-A,C0,22.15,2500,38854,33780,2호기,1,1178,70,1163,56,251,1163,1025,1,8,3조,2008-08-02,오전,LR
662,2008-08-02:11:13:48,0,SA283-C,C0,19.18,2529,34246,65200,2호기,2,1171,58,1164,56,252,1164,1025,1,9,2조,2008-08-02,오전,SA283
663,2008-08-02:11:14:47,0,JS-SM490YA,C0,19.1,2040,38774,35580,3호기,1,1145,61,1152,68,273,1152,1033,1,10,2조,2008-08-02,오전,JS
664,2008-08-02:11:14:39,0,JS-SM490YA,C0,19.1,2040,38774,35580,3호기,2,1168,71,1162,56,261,1162,1035,1,10,1조,2008-08-02,오전,JS
665,2008-08-02:11:14:33,0,NV-A32,C0,17.1,2346,42741,13460,1호기,1,1171,55,1159,69,252,1159,1013,1,10,2조,2008-08-02,오전,NV
666,2008-08-02:11:14:43,1,JS-SM490A,C0,14.09,2754,42972,52360,1호기,2,1130,54,1141,66,267,1141,941,1,10,2조,2008-08-02,오전,JS
667,2008-08-02:11:14:05,1,SA283-C,C0,14.12,3128,39398,68300,2호기,1,1171,69,1168,52,252,1168,957,1,10,3조,2008-08-02,오전,SA283
668,2008-08-02:11:15:43,1,SA283-C,C0,16.14,3125,32934,65200,2호기,2,1173,70,1165,51,250,1165,975,1,10,4조,2008-08-02,오전,SA283
669,2008-08-02:11:15:44,1,SA283-C,C0,16.14,3125,32934,65200,3호기,1,1156,68,1157,65,250,1157,975,1,10,4조,2008-08-02,오전,SA283
670,2008-08-02:11:15:58,1,SA283-C,C0,18.16,3126,31483,70150,3호기,2,1184,67,1167,52,250,1167,991,1,10,3조,2008-08-02,오전,SA283
671,2008-08-02:11:15:52,0,A283-C,C0,19.18,3125,28607,40380,1호기,1,1161,62,1156,69,250,1156,988,1,9,4조,2008-08-02,오전,A283
672,2008-08-02:11:15:57,1,BV-B,C0,20.43,2999,34888,50340,1호기,2,1146,54,1151,66,248,1151,993,1,8,2조,2008-08-02,오전,BV
673,2008-08-02:12:20:11,1,SA283-C,C0,20.19,3126,31466,77950,2호기,1,1177,71,1172,50,247,1172,994,1,8,3조,2008-08-02,오후,SA283
674,2008-08-02:12:20:07,1,SA283-C,C0,20.18,3082,32996,80550,2호기,2,1177,73,1164,47,245,1164,989,1,8,3조,2008-08-02,오후,SA283
675,2008-08-02:12:20:43,1,NV-A32,C0,20.14,3026,42578,20370,3호기,1,1165,67,1160,63,256,1160,991,1,8,4조,2008-08-02,오후,NV
676,2008-08-02:12:20:34,1,SA283-C,C0,20.19,3125,29154,57760,3호기,2,1167,62,1166,60,251,1166,982,1,8,3조,2008-08-02,오후,SA283
677,2008-08-02:12:20:20,0,SA283-C,C0,33.67,3127,19298,47850,1호기,1,1181,72,1166,60,248,1166,1037,1,8,3조,2008-08-02,오후,SA283
678,2008-08-02:12:22:25,1,LR-A,C0,19.93,3112,45576,44380,3호기,1,1170,72,1163,62,251,1163,984,1,10,2조,2008-08-02,오후,LR
679,2008-08-02:12:22:48,1,LR-A,C0,20.14,2800,51753,22910,3호기,2,1180,63,1170,61,252,1170,993,1,8,2조,2008-08-02,오후,LR
680,2008-08-02:12:21:06,1,NV-A32,C0,16.6,3137,46650,57210,1호기,2,1175,61,1167,66,252,1167,960,1,10,1조,2008-08-02,오후,NV
681,2008-08-02:12:21:29,1,NV-A32,C0,15.08,3138,51471,19120,2호기,1,1192,76,1173,42,241,1173,956,1,10,4조,2008-08-02,오후,NV
682,2008-08-02:12:22:13,1,LR-AH32,C0,15.08,3060,51927,18810,2호기,2,1176,71,1164,57,250,1164,927,1,10,1조,2008-08-02,오후,LR
683,2008-08-02:12:22:25,0,LR-AH32,C0,13.57,2801,50842,30340,1호기,1,1181,63,1168,64,254,1168,947,0,10,2조,2008-08-02,오후,LR
684,2008-08-02:12:23:57,1,LR-AH32,C0,13.57,2815,53723,16110,1호기,2,1177,63,1165,62,252,1165,941,1,10,1조,2008-08-02,오후,LR
685,2008-08-02:12:23:11,0,LR-AH32,C0,19.63,3097,47041,22450,3호기,1,1177,72,1164,60,253,1164,1004,1,10,4조,2008-08-02,오후,LR
686,2008-08-02:12:23:29,1,NV-A32,C0,19.63,2903,49358,44160,3호기,2,1177,72,1166,60,248,1166,998,1,10,1조,2008-08-02,오후,NV
687,2008-08-02:12:23:51,1,NK-KA32,C0,13.06,2800,52672,60480,2호기,1,1183,73,1165,55,257,1165,937,1,10,3조,2008-08-02,오후,NK
688,2008-08-02:12:24:29,1,NK-KA32,C0,13.06,3083,49640,31380,2호기,2,1188,71,1166,58,256,1166,942,1,10,4조,2008-08-02,오후,NK
689,2008-08-02:12:24:53,1,NK-KA32,C0,13.06,2850,52809,61720,1호기,1,1192,63,1173,64,255,1173,938,1,10,1조,2008-08-02,오후,NK
690,2008-08-02:12:24:54,1,NK-KA32,C0,13.06,2865,52873,62120,1호기,2,1185,62,1170,63,253,1170,943,1,10,3조,2008-08-02,오후,NK
691,2008-08-02:12:24:12,1,LR-A,C0,13.06,3092,49180,46770,2호기,1,1164,70,1159,52,236,1159,915,1,10,1조,2008-08-02,오후,LR
692,2008-08-02:12:25:26,1,NV-A32,C0,13.06,2997,47842,14700,2호기,2,1171,65,1163,58,255,1163,928,1,10,1조,2008-08-02,오후,NV
693,2008-08-02:12:25:51,1,NK-KA32,C0,13.06,2995,53965,49710,3호기,1,1182,62,1166,65,252,1166,931,1,10,1조,2008-08-02,오후,NK
694,2008-08-02:12:25:42,1,NK-KA32,C0,13.06,2800,52672,60480,3호기,2,1176,70,1162,67,254,1162,932,1,10,2조,2008-08-02,오후,NK
695,2008-08-02:12:25:02,1,NK-KA32,C0,13.06,2857,49128,28780,1호기,1,1186,66,1170,59,254,1170,926,1,10,3조,2008-08-02,오후,NK
696,2008-08-02:13:30:39,1,GL-A32,C0,12.05,2835,54443,14600,1호기,2,1172,60,1161,74,255,1161,919,1,10,2조,2008-08-02,오후,GL
697,2008-08-02:13:30:47,1,LR-AH32,C0,12.05,2855,53469,28880,2호기,1,1161,56,1160,54,237,1160,891,1,10,3조,2008-08-02,오후,LR
698,2008-08-02:13:30:03,1,NV-A32,C0,12.05,2950,51747,14440,2호기,2,1181,71,1164,56,254,1164,926,1,10,1조,2008-08-02,오후,NV
699,2008-08-02:13:31:39,1,LR-AH32,C0,12.05,2855,51765,27960,3호기,1,1172,70,1163,71,252,1163,936,1,10,3조,2008-08-02,오후,LR
700,2008-08-02:13:31:03,0,LR-AH32,C0,12.05,2855,51765,27960,3호기,2,1180,65,1162,65,255,1162,878,0,10,1조,2008-08-02,오후,LR
701,2008-08-02:13:31:36,1,GL-A32,C0,12.05,2835,54816,14700,1호기,1,1177,60,1163,65,251,1163,887,1,10,1조,2008-08-02,오후,GL
702,2008-08-02:13:31:03,1,LR-AH32,C0,12.05,2855,52321,28260,1호기,2,1159,54,1156,74,252,1156,894,1,10,3조,2008-08-02,오후,LR
703,2008-08-02:13:33:09,1,LR-AH32,C0,12.05,2855,52913,28580,2호기,1,1160,60,1159,77,262,1159,894,1,10,2조,2008-08-02,오후,LR
704,2008-08-02:13:33:44,1,LR-AH32,C0,12.05,2855,53284,28780,2호기,2,1160,69,1160,65,231,1160,888,1,10,4조,2008-08-02,오후,LR
705,2008-08-02:13:32:27,1,LR-AH32,C0,12.05,2855,52913,28580,3호기,1,1185,79,1163,58,249,1163,902,1,10,2조,2008-08-02,오후,LR
706,2008-08-02:13:32:00,1,NV-A32,C0,12.56,2858,51457,14500,3호기,2,1174,65,1168,58,249,1168,908,1,10,2조,2008-08-02,오후,NV
707,2008-08-02:13:33:26,1,NV-A32,C0,12.05,3088,50530,14760,1호기,1,1183,66,1166,68,257,1166,896,1,10,4조,2008-08-02,오후,NV
708,2008-08-02:13:33:52,1,NV-A32,C0,12.05,3018,50056,14290,1호기,2,1173,55,1164,78,259,1164,891,1,10,2조,2008-08-02,오후,NV
709,2008-08-02:13:34:15,1,LR-AH32,C0,12.05,3185,52244,31480,2호기,1,1184,61,1161,63,262,1161,916,1,10,3조,2008-08-02,오후,LR
710,2008-08-02:13:34:44,1,LR-AH32,C0,12.05,3095,53763,47220,2호기,2,1174,74,1159,61,238,1159,919,1,10,2조,2008-08-02,오후,LR
711,2008-08-02:13:34:16,1,LR-AH32,C0,12.05,3095,53763,47220,3호기,1,1179,65,1163,71,242,1163,913,1,10,1조,2008-08-02,오후,LR
712,2008-08-02:13:34:32,1,LR-A,C0,16.6,3528,32323,14860,3호기,2,1156,65,1160,72,244,1160,938,1,10,1조,2008-08-02,오후,LR
713,2008-08-02:13:35:24,1,NV-A32,C0,18.11,3260,40586,37620,1호기,1,1174,66,1160,71,240,1160,965,1,10,3조,2008-08-02,오후,NV
714,2008-08-02:14:40:33,1,LR-A,C0,18.92,3401,41455,20940,1호기,2,1142,55,1151,86,246,1151,948,1,10,4조,2008-08-02,오후,LR
715,2008-08-02:13:35:36,0,NK-KA,C0,20.14,3580,38639,21870,3호기,1,1172,72,1164,62,245,1164,1005,1,8,2조,2008-08-02,오후,NK
716,2008-08-02:13:35:02,1,NV-A32,C0,15.08,3212,48233,18340,2호기,1,1150,61,1169,61,238,1169,947,1,10,1조,2008-08-02,오후,NV
717,2008-08-02:14:40:00,1,NV-A32,C0,16.6,3441,43688,19590,2호기,2,1169,65,1163,77,247,1163,948,1,10,4조,2008-08-02,오후,NV
718,2008-08-02:13:35:19,1,LR-A,C0,15.59,3363,48740,80240,3호기,2,1179,86,1163,45,243,1163,940,1,10,2조,2008-08-02,오후,LR
719,2008-08-02:14:40:53,1,GL-A32,C0,16.09,3400,54209,69840,3호기,1,1186,82,1169,45,239,1169,957,1,10,2조,2008-08-02,오후,GL
